Tyear,Transect,Date,Year,Round,Species,0,5,10,15,20,25,30,35,40,45,Total,Average,SPECIAL
BD21_2021_2,BD21,5-Apr,2021,2,SALMEL,4,47,111,0,0,0,0,27,10,0,195,35.455,0
BD21_2021_2,BD21,5-Apr,2021,2,HIRINC,0,0,0,0,0,0,0,0,0,0,0,0,0
BD21_2021_3,BD21,30-Apr,2021,3,SALMEL,23,0,15,2,0,0,0,0,201,17,218,39.636,0
BD21_2021_3,BD21,30-Apr,2021,3,KECANT,0,0,0,0,0,0,0,0,0,0,0,0,0
BD21_2022_1,BD21,23-Mar,2022,1,SALMEL,46,102,289,235,50,0,0,109,33,28,892,162.182,
BD21_2022_1,BD21,23-Mar,2022,1,KECANT,0,0,0,0,0,0,0,0,0,0,0,0,
BD21_2022_1,BD21,23-Mar,2022,1,EUCCHR,0,0,0,0,4,5,40,0,0,0,49,8.909,
BD21_2022_2,BD21,15-Apr,2022,2,SALMEL,3440,320,945,1260,750,0,141,255,900,360,8371,1522,
BD21_2022_2,BD21,15-Apr,2022,2,BRANIG,0,9,0,0,0,0,0,0,0,0,9,1.636,
BD21_2022_2,BD21,15-Apr,2022,2,KECANT,0,0,15,0,0,0,17,0,0,0,32,5.818,
BD21_2022_2,BD21,15-Apr,2022,2,EUCCHR,0,0,0,0,4,18,2,0,0,0,24,4.364,
BD21_2022_2,BD21,15-Apr,2022,2,PHACIC,0,0,0,0,0,0,0,0,0,0,0,0,
BD21_2022_2,BD21,15-Apr,2022,2,CEACRA,0,0,0,0,0,0,0,0,0,0,0,0,
BD21_2022_3,BD21,2-May,2022,3,SALMEL,2200,588,534,270,655,0,625,16,690,279,5857,1064.909,
BD21_2022_3,BD21,2-May,2022,3,MALFAS,0,0,0,0,0,0,0,0,7,0,7,1.273,
BD21_2022_3,BD21,2-May,2022,3,ERIFAS,0,0,0,0,0,0,8,4,0,0,12,2.182,
BD21_2022_3,BD21,2-May,2022,3,PHACIC,0,0,0,0,0,16,7,0,0,0,23,4.182,
BD21_2022_3,BD21,2-May,2022,3,EMMPEN,0,0,0,0,0,0,0,0,0,0,0,0,
BD21_2022_3,BD21,2-May,2022,3,KECANT,0,0,10,0,0,0,0,0,0,0,10,1.818,
BD21_2022_3,BD21,2-May,2022,3,BRANIG,0,11,0,0,0,0,0,0,0,0,11,2,
BKR07_2022_1,BKR07,18-Mar,2022,1,EROCIC,0,0,4,0,0,0,0,1,0,9,14,2.545,
BKR07_2022_1,BKR07,18-Mar,2022,1,ERIFAS,0,0,0,10,0,0,0,0,0,0,10,1.818,
BKR07_2022_1,BKR07,18-Mar,2022,1,DICCAP,0,0,0,0,0,0,0,0,0,0,0,0,
BKR07_2022_1,BKR07,18-Mar,2022,1,SOLXAN,0,0,0,0,0,0,0,0,1,0,1,0.182,
BKR07_2022_2,BKR07,7-Apr,2022,2,DICCAP,0,3,3,0,0,0,0,2,0,0,8,1.455,
BKR07_2022_2,BKR07,7-Apr,2022,2,GILANG,0,0,0,0,0,0,0,8,0,0,8,1.455,
BKR07_2022_2,BKR07,7-Apr,2022,2,ERIFAS,0,0,0,0,0,0,0,0,0,0,0,0,
BKR07_2022_2,BKR07,7-Apr,2022,2,CASEXS,0,0,0,0,0,0,0,0,0,0,0,0,
BKR07_2022_2,BKR07,7-Apr,2022,2,ANAARV,0,0,0,0,0,0,0,0,0,0,0,0,
BKR07_2022_2,BKR07,7-Apr,2022,2,MEDPOL,0,0,0,0,0,0,0,5,0,0,5,0.909,
BKR07_2022_2,BKR07,7-Apr,2022,2,SOLXAN,0,0,0,0,0,0,0,0,0,0,0,0,
BKR07_2022_2,BKR07,7-Apr,2022,2,SISBEL,0,0,0,0,0,0,0,0,0,0,0,0,
BKR07_2022_3,BKR07,29-Apr,2022,3,ERIFAS,0,0,0,2,819,0,835,0,72,0,1728,314.182,
BKR07_2022_3,BKR07,29-Apr,2022,3,CALSPL,0,0,0,0,0,0,0,0,0,0,0,0,
BKR07_2022_3,BKR07,29-Apr,2022,3,DICCAP,0,0,0,0,0,0,0,0,0,0,0,0,
BKR07_2022_3,BKR07,29-Apr,2022,3,EROCIC,0,0,2,0,0,0,0,0,0,0,2,0.364,
BKR07_2022_3,BKR07,29-Apr,2022,3,CALEXS,0,0,0,0,0,0,0,0,0,0,0,0,
BKR07_2022_3,BKR07,29-Apr,2022,3,RAFCAL,0,0,0,0,0,0,0,0,0,0,0,0,
BKR10_2021_2,BKR10,6-Apr,2021,2,SOLXAN,0,0,0,0,0,0,0,0,0,0,0,0,0
BKR10_2021_2,BKR10,6-Apr,2021,2,SISBEL,0,0,0,0,0,0,0,0,0,0,0,0,0
BKR10_2021_2,BKR10,6-Apr,2021,2,DICCAP,0,0,0,0,0,0,0,0,0,0,0,0,0
BKR10_2021_2,BKR10,6-Apr,2021,2,EROBOT,0,0,0,0,0,0,0,0,0,0,0,0,0
BKR10_2021_2,BKR10,8-Apr,2021,2,SONASP,0,2,0,0,0,0,0,0,0,0,2,0.364,0
BKR10_2021_2,BKR10,8-Apr,2021,2,EROBOT,6,5,0,0,0,0,0,0,0,0,11,2,0
BKR10_2021_2,BKR10,8-Apr,2021,2,SOLXAN,0,0,0,0,0,0,0,0,0,0,0,0,0
BKR10_2021_2,BKR10,8-Apr,2021,2,PSECAL,0,0,0,0,0,0,0,0,0,0,0,0,0
BKR10_2021_3,BKR10,4-May,2021,3,SALMEL,0,0,0,0,400,0,0,0,0,185,400,72.727,0
BKR10_2021_3,BKR10,4-May,2021,3,SOLXAN,0,0,0,0,0,0,0,0,0,0,0,0,0
BKR10_2021_3,BKR10,4-May,2021,3,EROBRA,2,1,0,0,0,0,0,0,0,0,3,0.545,0
BKR10_2021_3,BKR10,4-May,2021,3,BRANIG,0,0,0,0,2,17,0,0,0,0,19,3.455,0
BKR10_2021_3,BKR10,4-May,2021,3,ERIFAS,0,0,0,0,0,0,0,0,0,0,0,0,0
BKR10_2021_3,BKR10,4-May,2021,3,SILMAR,0,0,0,0,5,0,0,0,0,0,5,0.909,0
BKR10_2022_1,BKR10,30-Mar,2022,1,SALMEL,0,0,0,0,0,0,25,0,0,176,201,36.545,
BKR10_2022_1,BKR10,30-Mar,2022,1,SOLXAN,0,0,0,0,0,0,30,0,0,0,30,5.455,
BKR10_2022_1,BKR10,30-Mar,2022,1,EROCIC,0,0,0,0,0,0,0,0,0,0,0,0,
BKR10_2022_1,BKR10,30-Mar,2022,1,EROBRA,27,0,0,0,0,0,0,0,0,0,27,4.909,
BKR10_2022_1,BKR10,30-Mar,2022,1,ANAARV,0,0,0,0,0,0,0,0,0,0,0,0,
BKR10_2022_1,BKR10,30-Mar,2022,1,DICCAP,0,0,0,0,0,0,0,0,0,0,0,0,
BKR10_2022_2,BKR10,20-Apr,2022,2,SALMEL,0,0,0,0,0,0,4,0,0,370,374,68,
BKR10_2022_2,BKR10,20-Apr,2022,2,BRANIG,0,0,0,1,0,173,0,7,0,0,181,32.909,
BKR10_2022_2,BKR10,20-Apr,2022,2,EROCIC,0,0,0,0,0,0,0,5,0,0,5,0.909,
BKR10_2022_2,BKR10,20-Apr,2022,2,SOLXAN,0,0,0,0,0,0,12,0,0,0,12,2.182,
BKR10_2022_2,BKR10,20-Apr,2022,2,ERIFAS,0,0,0,0,12,0,1,0,0,0,13,2.364,
BKR10_2022_2,BKR10,20-Apr,2022,2,EROBOT,27,2,3,0,0,0,0,0,0,0,32,5.818,
BKR10_2022_2,BKR10,20-Apr,2022,2,CALSPL,0,0,0,0,0,0,0,0,0,0,0,0,
BKR10_2022_2,BKR10,20-Apr,2022,2,DICCAP,0,0,0,0,0,0,0,0,0,0,0,0,
BKR10_2022_2,BKR10,20-Apr,2022,2,ANAARV,0,0,0,0,0,0,0,0,0,0,0,0,
BKR10_2022_3,BKR10,12-May,2022,3,SALMEL,0,0,0,0,0,0,46,0,13,420,479,87.091,
BKR10_2022_3,BKR10,12-May,2022,3,MALFAS,0,0,0,0,0,0,0,0,0,14,14,2.545,
BKR10_2022_3,BKR10,12-May,2022,3,ERIFAS,0,0,0,0,19,0,114,0,14,0,147,26.727,
BKR10_2022_3,BKR10,12-May,2022,3,BRANIG,0,0,22,0,40,32,0,0,0,0,94,17.091,
BKR10_2022_3,BKR10,12-May,2022,3,DEIFAS,0,0,2,0,0,1,0,0,0,0,3,0.545,
BKR10_2022_3,BKR10,12-May,2022,3,EROBOT,2,0,0,0,0,0,0,0,0,0,2,0.364,
GYP01_2021_1,GYP01,23-Mar,2021,1,EROCIC,0,0,0,0,0,2,0,0,0,0,2,0.364,0
GYP01_2021_1,GYP01,23-Mar,2021,1,ESCCAL,0,0,0,0,0,1,0,0,0,0,1,0.182,0
GYP01_2021_2,GYP01,7-Apr,2021,2,CALCIL,0,22,10,0,31,99,21,0,0,15,198,36,0
GYP01_2021_2,GYP01,7-Apr,2021,2,ESCCAL,0,1,2,0,10,11,0,0,0,0,24,4.364,0
GYP01_2021_2,GYP01,7-Apr,2021,2,GILANG,0,3,2,0,0,0,0,5,0,12,22,4,0
GYP01_2021_2,GYP01,7-Apr,2021,2,EUCCHR,0,4,0,1,8,4,127,10,0,13,167,30.364,0
GYP01_2021_2,GYP01,7-Apr,2021,2,EROBOT,0,0,0,0,0,0,0,0,0,0,0,0,0
GYP01_2021_2,GYP01,7-Apr,2021,2,EROCIC,0,0,1,0,0,0,0,0,0,0,1,0.182,0
GYP01_2021_2,GYP01,7-Apr,2021,2,DICCAP,0,0,0,2,2,0,0,2,0,0,6,1.091,0
GYP01_2021_2,GYP01,7-Apr,2021,2,HIRINC,0,4,0,0,11,0,0,0,0,0,15,2.727,0
GYP01_2021_2,GYP01,7-Apr,2021,2,LUPBIC,0,0,0,0,0,10,0,0,0,0,10,1.818,0
GYP01_2021_2,GYP01,7-Apr,2021,2,SOLXAN,0,0,0,0,0,0,0,0,0,0,0,0,0
GYP01_2021_3,GYP01,28-Apr,2021,3,BRANIG,0,5,0,0,12,29,47,0,0,23,116,21.091,0
GYP01_2021_3,GYP01,28-Apr,2021,3,ESCCAL,0,1,0,0,1,3,0,0,0,0,5,0.909,0
GYP01_2021_3,GYP01,28-Apr,2021,3,EUCCHR,0,0,0,17,0,0,0,0,0,0,17,3.091,0
GYP01_2021_3,GYP01,28-Apr,2021,3,SOLXAN,0,0,0,0,0,0,0,0,0,0,0,0,0
GYP01_2021_3,GYP01,28-Apr,2021,3,DICCAP,0,0,0,0,2,0,0,0,3,0,5,0.909,0
GYP01_2021_3,GYP01,28-Apr,2021,3,EROCIC,0,0,1,0,2,6,1,0,0,1,11,2,0
GYP01_2021_3,GYP01,28-Apr,2021,3,EROBRA,0,0,3,0,0,0,0,0,0,0,3,0.545,0
GYP01_2021_3,GYP01,28-Apr,2021,3,PHACIC,0,0,0,0,0,0,0,0,0,0,0,0,0
GYP01_2021_3,GYP01,28-Apr,2021,3,MICLIN,0,0,0,0,0,0,0,0,0,0,0,0,0
GYP01_2021_3,GYP01,28-Apr,2021,3,SONOLE,0,0,0,0,0,0,0,1,0,0,1,0.182,0
GYP01_2021_3,GYP01,28-Apr,2021,3,ANAARV,0,0,1,0,0,4,0,0,0,0,5,0.909,0
GYP01_2021_3,GYP01,28-Apr,2021,3,HIRINC,0,0,0,0,37,0,0,0,0,0,37,6.727,0
GYP01_2021_3,GYP01,28-Apr,2021,3,GILANG,0,0,0,0,0,0,0,0,1,0,1,0.182,0
GYP01_2021_3,GYP01,28-Apr,2021,3,ACMGLA,0,0,0,0,0,0,0,0,0,0,0,0,0
GYP01_2021_3,GYP01,28-Apr,2021,3,SALMEL,0,0,0,0,0,0,0,0,0,0,0,0,0
GYP01_2021_3,GYP01,28-Apr,2021,3,KECANT,0,0,0,0,0,0,0,0,0,0,0,0,0
GYP01_2021_3,GYP01,28-Apr,2021,3,CALMAC,0,0,0,0,0,0,0,0,0,0,0,0,0
GYP01_2022_1,GYP01,24-Mar,2022,1,MICLIN,0,0,0,0,0,0,0,0,0,7,7,1.273,
GYP01_2022_1,GYP01,24-Mar,2022,1,EUCCHR,0,0,0,0,0,0,0,0,0,24,24,4.364,
GYP01_2022_1,GYP01,24-Mar,2022,1,DICCAP,0,6,0,0,0,0,0,0,0,0,6,1.091,
GYP01_2022_1,GYP01,24-Mar,2022,1,ESCCAL,0,0,0,0,0,0,0,0,0,0,0,0,
GYP01_2022_1,GYP01,24-Mar,2022,1,SOLXAN,12,0,0,0,0,0,0,0,0,0,12,2.182,
GYP01_2022_1,GYP01,24-Mar,2022,1,GILANG,0,0,0,0,0,0,0,0,0,1,1,0.182,
GYP01_2022_1,GYP01,24-Mar,2022,1,SALMEL,0,0,0,0,0,0,0,0,0,0,0,0,
GYP01_2022_2,GYP01,13-Apr,2022,2,BRANIG,9,12,0,0,0,0,0,0,0,19,40,7.273,
GYP01_2022_2,GYP01,13-Apr,2022,2,SALMEL,0,0,0,0,0,0,0,0,0,4,4,0.727,
GYP01_2022_2,GYP01,13-Apr,2022,2,GILANG,0,1,0,0,0,0,0,0,0,3,4,0.727,
GYP01_2022_2,GYP01,13-Apr,2022,2,ESCCAL,0,0,1,0,0,1,1,0,0,0,3,0.545,
GYP01_2022_2,GYP01,13-Apr,2022,2,EROBOT,0,0,3,0,0,0,0,0,0,0,3,0.545,
GYP01_2022_2,GYP01,13-Apr,2022,2,EROCIC,0,0,0,0,0,0,0,0,0,0,0,0,
GYP01_2022_2,GYP01,13-Apr,2022,2,SOLXAN,12,0,0,0,0,0,0,0,0,0,12,2.182,
GYP01_2022_3,GYP01,5-May,2022,3,ACMGLA,1800,28,86,14,42,89,141,79,85,110,2474,449.818,1680
GYP01_2022_3,GYP01,5-May,2022,3,BRANIG,0,0,50,0,0,35,0,30,0,150,265,48.182,
GYP01_2022_3,GYP01,5-May,2022,3,MALFAS,0,0,0,0,0,0,0,0,0,0,0,0,
GYP01_2022_3,GYP01,5-May,2022,3,ESCCAL,0,0,0,0,0,4,0,0,0,0,4,0.727,
GYP01_2022_3,GYP01,5-May,2022,3,SALMEL,0,0,1,0,0,0,0,0,0,0,1,0.182,288
GYP01_2022_3,GYP01,5-May,2022,3,CALSPL,0,0,1,0,0,0,0,0,0,0,1,0.182,
GYP01_2022_3,GYP01,5-May,2022,3,EROBOT,0,0,0,0,0,0,0,0,0,0,0,0,
GYP02_2021_1,GYP02,29-Mar,2021,1,EROCIC,0,0,0,0,0,0,4,0,0,0,4,0.727,0
GYP02_2021_1,GYP02,29-Mar,2021,1,CAMMIC,0,0,0,0,0,0,5,0,0,0,5,0.909,0
GYP02_2021_2,GYP02,19-Apr,2021,2,SALMEL,0,0,0,0,0,0,0,0,0,4,4,0.727,0
GYP02_2021_2,GYP02,19-Apr,2021,2,EROCIC,0,0,0,0,0,0,4,0,0,0,4,0.727,0
GYP02_2021_2,GYP02,19-Apr,2021,2,SCRCAL,0,2,0,0,0,0,0,0,0,0,2,0.364,0
GYP02_2021_2,GYP02,19-Apr,2021,2,EUCCHR,0,0,0,0,0,0,0,0,0,0,0,0,0
GYP02_2021_2,GYP02,19-Apr,2021,2,SOLXAN,0,0,0,0,0,0,0,0,0,0,0,0,0
GYP02_2021_2,GYP02,19-Apr,2021,2,ERICAL,116,0,0,0,0,0,0,0,0,0,116,21.091,0
GYP02_2021_2,GYP02,19-Apr,2021,2,ANAARV,0,0,0,0,0,0,0,0,0,0,0,0,0
GYP02_2021_3,GYP02,6-May,2021,3,SALMEL,0,0,0,5,0,0,0,0,0,39,44,8,0
GYP02_2021_3,GYP02,6-May,2021,3,SCRCAL,0,0,0,0,0,0,0,0,104,0,104,18.909,0
GYP02_2021_3,GYP02,6-May,2021,3,ERICON,0,0,0,0,0,0,0,0,0,0,0,0,0
GYP02_2021_3,GYP02,6-May,2021,3,CALMAC,0,0,0,3,0,0,0,0,0,0,3,0.545,0
GYP02_2021_3,GYP02,6-May,2021,3,PSECAL,0,0,0,0,0,0,0,0,0,0,0,0,0
GYP02_2021_3,GYP02,6-May,2021,3,ERICAL,0,0,0,0,0,0,0,0,0,0,0,0,0
GYP02_2021_3,GYP02,6-May,2021,3,ENCCAL,0,0,0,0,0,0,0,0,0,0,0,0,0
GYP02_2021_3,GYP02,6-May,2021,3,BRANIG,0,0,0,0,0,0,0,0,0,0,0,0,0
GYP02_2022_1,GYP02,24-Mar,2022,1,EUCCHR,0,0,0,0,0,0,0,0,0,0,0,0,
GYP02_2022_1,GYP02,24-Mar,2022,1,SOLXAN,0,0,0,0,0,0,0,0,0,12,12,2.182,
GYP02_2022_1,GYP02,24-Mar,2022,1,ESCCAL,0,0,0,0,0,0,0,0,0,0,0,0,
GYP02_2022_2,GYP02,27-Apr,2022,2,SALMEL,42,122,4,179,280,407,0,0,44,353,1431,260.182,
GYP02_2022_2,GYP02,27-Apr,2022,2,EUCCHR,0,0,0,0,0,0,0,0,13,1,14,2.545,
GYP02_2022_2,GYP02,27-Apr,2022,2,SONOLE,0,0,0,0,0,0,0,0,2,2,4,0.727,
GYP02_2022_2,GYP02,27-Apr,2022,2,ROMCOU,0,2,0,0,0,0,0,0,0,0,2,0.364,
GYP02_2022_2,GYP02,27-Apr,2022,2,BRANIG,0,3,0,0,0,0,0,0,0,0,3,0.545,
GYP02_2022_2,GYP02,27-Apr,2022,2,CALMAC,0,0,0,0,0,0,0,0,0,0,0,0,
GYP02_2022_2,GYP02,27-Apr,2022,2,ESCCAL,0,0,0,0,0,0,0,0,0,0,0,0,
GYP02_2022_2,GYP02,27-Apr,2022,2,SOLXAN,0,0,0,0,0,0,0,0,0,0,0,0,
GYP02_2022_2,GYP02,27-Apr,2022,2,SCRCAL,0,0,0,0,0,0,0,0,0,0,0,0,
GYP02_2022_2,GYP02,27-Apr,2022,2,PHACIC,0,0,0,0,0,0,0,0,0,0,0,0,
GYP02_2022_2,GYP02,27-Apr,2022,2,ERICON,0,0,0,0,0,0,0,0,0,0,0,0,
GYP02_2022_3,GYP02,16-May,2022,3,SALMEL,0,22,2,0,0,0,0,0,15,609,648,117.818,
GYP02_2022_3,GYP02,16-May,2022,3,ROMCOU,0,6,0,0,0,0,0,0,0,0,6,1.091,
GYP02_2022_3,GYP02,16-May,2022,3,CALMAC,0,0,0,2,0,0,0,0,0,0,2,0.364,
GYP02_2022_3,GYP02,16-May,2022,3,BLOCRO,0,0,0,0,0,0,0,0,8,0,8,1.455,
GYP02_2022_3,GYP02,16-May,2022,3,ENCCAL,0,0,0,0,0,0,0,0,0,0,0,0,
GYP02_2022_3,GYP02,16-May,2022,3,BRANIG,0,0,0,0,0,0,0,0,0,0,0,0,
GYP02_2022_3,GYP02,16-May,2022,3,ERIFOL,0,0,0,0,0,0,0,0,0,0,0,0,
GYP02_2022_3,GYP02,16-May,2022,3,MALFAS,0,0,0,0,0,0,0,0,0,0,0,0,
GYP02_2022_3,GYP02,16-May,2022,3,ERICON,0,0,0,0,0,0,0,0,0,0,0,0,
GYP04_2021_2,GYP04,19-Apr,2021,2,ERICAL,128,112,87,0,0,0,0,14,22,4,367,66.727,0
GYP04_2021_2,GYP04,19-Apr,2021,2,KECANT,0,0,0,0,0,0,0,0,40,8,48,8.727,0
GYP04_2021_2,GYP04,19-Apr,2021,2,PHACIC,0,0,0,0,0,0,0,0,0,0,0,0,0
GYP04_2021_2,GYP04,19-Apr,2021,2,SALMEL,0,0,17,40,96,55,0,55,35,0,298,54.182,0
GYP04_2021_2,GYP04,19-Apr,2021,2,FOEVUL,0,0,0,0,0,0,0,0,0,0,0,0,0
GYP04_2021_3,GYP04,6-May,2021,3,KECANT,0,0,0,0,0,0,0,15,0,0,15,2.727,0
GYP04_2021_3,GYP04,6-May,2021,3,ERICAL,146,114,15,2,0,0,0,19,0,0,296,53.818,0
GYP04_2021_3,GYP04,6-May,2021,3,SALMEL,0,0,21,0,25,1,40,0,0,0,87,15.818,0
GYP04_2021_3,GYP04,6-May,2021,3,ACMGLA,0,0,0,0,0,0,0,0,0,0,0,0,0
GYP04_2022_1,GYP04,25-Mar,2022,1,SALMEL,0,0,0,0,35,0,0,0,0,0,35,6.364,
GYP04_2022_1,GYP04,25-Mar,2022,1,ERICAL,0,0,0,0,0,0,0,0,0,0,0,0,
GYP04_2022_1,GYP04,25-Mar,2022,1,CRYMUR,0,0,0,0,0,0,0,0,2,0,2,0.364,
GYP04_2022_1,GYP04,25-Mar,2022,1,ESCCAL,0,0,0,0,0,0,0,0,0,0,0,0,
GYP04_2022_1,GYP04,25-Mar,2022,1,PHAPAR,0,0,0,0,0,0,0,0,0,0,0,0,
GYP04_2022_1,GYP04,25-Mar,2022,1,PHACIC,0,0,0,0,0,0,3,0,0,0,3,0.545,
GYP04_2022_1,GYP04,25-Mar,2022,1,KECANT,0,0,0,0,0,0,0,0,0,0,0,0,
GYP04_2022_1,GYP04,25-Mar,2022,1,EUCCHR,0,0,0,0,0,0,10,0,0,0,10,1.818,
GYP04_2022_1,GYP04,25-Mar,2022,1,SOLXAN,0,0,0,0,0,0,0,0,0,4,4,0.727,
GYP04_2022_1,GYP04,25-Mar,2022,1,AMSMEN,0,0,0,0,0,0,0,0,0,92,92,16.727,
GYP04_2022_2,GYP04,27-Apr,2022,2,SALMEL,19,0,1900,256,945,0,0,0,45,0,3165,575.455,
GYP04_2022_2,GYP04,27-Apr,2022,2,ACMGLA,0,0,27,0,0,0,0,0,0,0,27,4.909,
GYP04_2022_2,GYP04,27-Apr,2022,2,BRANIG,0,0,0,0,0,5580,3,0,0,71,5654,1028,
GYP04_2022_2,GYP04,27-Apr,2022,2,PHAPAR,0,0,0,0,0,0,1,0,0,0,1,0.182,
GYP04_2022_2,GYP04,27-Apr,2022,2,PHACIC,0,0,0,0,0,0,27,0,0,0,27,4.909,
GYP04_2022_2,GYP04,27-Apr,2022,2,ESCCAL,0,0,0,0,0,0,35,0,0,0,35,6.364,
GYP04_2022_2,GYP04,27-Apr,2022,2,KECANT,0,0,0,0,0,0,1,4,0,0,5,0.909,
GYP04_2022_2,GYP04,27-Apr,2022,2,ERICON,0,0,0,0,0,0,0,0,0,0,0,0,
GYP04_2022_2,GYP04,27-Apr,2022,2,EUCCHR,0,0,0,0,0,0,0,0,0,0,0,0,
GYP04_2022_3,GYP04,16-May,2022,3,BRANIG,0,0,0,0,0,24,18,0,0,25,67,12.182,
GYP04_2022_3,GYP04,16-May,2022,3,CENMEL,0,0,0,0,0,0,0,0,0,7,7,1.273,
GYP04_2022_3,GYP04,16-May,2022,3,SALMEL,0,0,0,2,121,0,0,0,768,0,891,162,
GYP04_2022_3,GYP04,16-May,2022,3,PHACIC,0,0,0,0,0,0,97,0,0,0,97,17.636,
GYP04_2022_3,GYP04,16-May,2022,3,ESCCAL,0,0,0,0,0,0,8,0,0,0,8,1.455,
GYP04_2022_3,GYP04,16-May,2022,3,DEIFAS,0,0,0,0,0,16,0,0,0,0,16,2.909,
GYP04_2022_3,GYP04,16-May,2022,3,ERIFAS,80,0,0,0,0,0,0,0,0,0,80,14.545,
GYP04_2022_3,GYP04,16-May,2022,3,ACMGLA,0,0,0,52,0,0,0,0,0,0,52,9.455,
GYP08_2021_1,GYP08,23-Mar,2021,1,SISBEL,0,0,0,19,0,0,0,0,0,0,19,3.455,0
GYP08_2021_1,GYP08,23-Mar,2021,1,LASCAL,0,0,0,0,0,10,2,0,0,0,10,1.818,0
GYP08_2021_2,GYP08,7-Apr,2021,2,LASCAL,0,0,0,0,0,0,23,0,0,0,23,4.182,0
GYP08_2021_2,GYP08,7-Apr,2021,2,FOEVUL,0,0,0,0,0,0,6,0,0,0,6,1.091,0
GYP08_2021_2,GYP08,7-Apr,2021,2,DICCAP,0,0,0,0,0,0,1,0,0,0,1,0.182,0
GYP08_2021_2,GYP08,7-Apr,2021,2,EROCIC,0,0,0,0,0,0,1,0,0,0,1,0.182,0
GYP08_2021_2,GYP08,7-Apr,2021,2,MALSAX,0,0,0,0,0,0,2,0,0,0,2,0.364,0
GYP08_2021_2,GYP08,7-Apr,2021,2,SOLXAN,0,0,0,0,0,0,0,0,12,0,12,2.182,0
GYP08_2021_2,GYP08,7-Apr,2021,2,EUCCHR,0,0,0,0,0,0,0,0,1,0,1,0.182,0
GYP08_2021_2,GYP08,7-Apr,2021,2,LASCAL,0,0,0,0,0,0,30,0,0,0,30,5.455,0
GYP08_2021_2,GYP08,7-Apr,2021,2,GILANG,0,0,0,0,0,0,1,0,0,0,1,0.182,0
GYP08_2021_2,GYP08,7-Apr,2021,2,SALMEL,0,0,0,0,0,31,0,0,0,0,31,5.636,0
GYP08_2021_3,GYP08,28-Apr,2021,3,SALMEL,0,15,0,0,0,25,0,0,0,0,40,7.273,0
GYP08_2021_3,GYP08,28-Apr,2021,3,SALAPI,0,0,0,0,0,0,0,0,0,0,0,0,0
GYP08_2021_3,GYP08,28-Apr,2021,3,SISBEL,0,0,0,3,0,0,0,0,0,0,3,0.545,0
GYP08_2021_3,GYP08,28-Apr,2021,3,GILANG,0,0,0,0,0,0,0,0,0,0,0,0,0
GYP08_2021_3,GYP08,28-Apr,2021,3,PHACIC,0,0,0,0,0,0,0,0,0,0,0,0,0
GYP08_2021_3,GYP08,28-Apr,2021,3,LASCAL,0,0,0,0,0,0,0,0,0,0,0,0,0
GYP08_2021_3,GYP08,28-Apr,2021,3,CALMAC,0,0,0,0,0,0,0,0,0,0,0,0,0
GYP08_2021_3,GYP08,28-Apr,2021,3,CALSPL,0,0,0,0,0,0,0,0,0,0,0,0,0
GYP08_2022_1,GYP08,25-Mar,2022,1,EUCCHR,0,0,0,0,0,0,0,2,65,0,67,12.182,
GYP08_2022_1,GYP08,25-Mar,2022,1,PHOAUR,0,0,0,0,0,0,0,0,2,0,2,0.364,
GYP08_2022_1,GYP08,25-Mar,2022,1,LASCAL,0,0,0,0,0,0,56,0,0,0,56,10.182,
GYP08_2022_1,GYP08,25-Mar,2022,1,GILANG,0,0,0,0,0,0,10,0,1,0,11,2,
GYP08_2022_1,GYP08,25-Mar,2022,1,SALMEL,0,32,0,0,0,52,0,0,0,0,84,15.273,
GYP08_2022_1,GYP08,25-Mar,2022,1,SISBEL,0,0,0,54,0,0,0,0,0,0,54,9.818,
GYP08_2022_1,GYP08,25-Mar,2022,1,SANARG,0,0,0,0,0,0,0,0,0,0,0,0,
GYP08_2022_1,GYP08,25-Mar,2022,1,EROCIC,0,0,0,0,0,0,0,0,0,3,0,0,
GYP08_2022_1,GYP08,25-Mar,2022,1,CALMAC,0,0,0,0,0,0,0,0,0,0,0,0,
GYP08_2022_1,GYP08,25-Mar,2022,1,SOLXAN,0,0,0,0,0,0,0,0,0,0,0,0,
GYP08_2022_2,GYP08,13-Apr,2022,2,PHACIC,0,0,0,0,0,0,0,0,13,43,56,10.182,
GYP08_2022_2,GYP08,13-Apr,2022,2,SALMEL,0,412,0,0,0,93,0,0,0,0,505,91.818,
GYP08_2022_2,GYP08,13-Apr,2022,2,EUCCHR,0,0,0,0,0,0,0,0,0,0,0,0,
GYP08_2022_2,GYP08,13-Apr,2022,2,LASCAL,0,0,0,0,0,0,10,0,0,0,10,1.818,
GYP08_2022_2,GYP08,13-Apr,2022,2,EROBOT,0,0,0,0,0,0,0,0,0,0,0,0,
GYP08_2022_2,GYP08,13-Apr,2022,2,EROCIC,0,0,0,0,0,0,0,0,0,0,0,0,
GYP08_2022_2,GYP08,13-Apr,2022,2,MICLIN,0,0,0,0,0,0,0,0,0,0,0,0,
GYP08_2022_2,GYP08,13-Apr,2022,2,CALMAC,0,1,0,0,0,0,0,0,0,0,1,0.182,
GYP08_2022_3,GYP08,5-May,2022,3,PHACIC,0,0,0,0,0,0,0,0,0,2,2,0.364,
GYP08_2022_3,GYP08,5-May,2022,3,SALMEL,0,0,0,0,0,0,0,0,0,0,0,0,
GYP08_2022_3,GYP08,5-May,2022,3,BLOCRO,0,0,0,0,0,0,0,0,0,0,0,0,
GYP08_2022_3,GYP08,5-May,2022,3,DEIFAS,0,0,0,0,0,0,5,0,0,0,5,0.909,
GYP08_2022_3,GYP08,5-May,2022,3,CALSPL,0,0,0,0,0,0,0,0,0,0,0,0,
GYP08_2022_3,GYP08,5-May,2022,3,CALMAC,0,3,0,0,0,0,0,0,0,0,3,0.545,
GYP08_2022_3,GYP08,5-May,2022,3,SALAPI,0,0,0,0,0,0,0,0,0,0,0,0,
GYP08_2022_3,GYP08,5-May,2022,3,unk yellow succ,0,0,0,0,0,0,0,0,0,0,0,0,
GYP09_2021_1,GYP09,1-Apr,2021,1,MICLIN,0,0,0,0,0,0,0,0,4,0,4,0.727,0
GYP09_2021_1,GYP09,1-Apr,2021,1,SALMEL,0,0,0,0,23,0,13,0,0,0,36,6.545,0
GYP09_2021_1,GYP09,1-Apr,2021,1,PHOAUR,3,0,0,0,0,0,0,0,0,0,3,0.545,0
GYP09_2021_1,GYP09,1-Apr,2021,1,EUCCHR,1,0,0,0,0,0,0,0,0,0,1,0.182,0
GYP09_2021_2,GYP09,27-Apr,2021,2,SALMEL,0,0,0,0,25,38,0,0,0,0,63,11.455,0
GYP09_2021_2,GYP09,27-Apr,2021,2,ESCCAL,0,0,0,0,0,0,0,0,0,0,0,0,0
GYP09_2021_2,GYP09,27-Apr,2021,2,EROCIC,0,0,0,0,0,0,0,0,0,0,0,0,0
GYP09_2021_2,GYP09,27-Apr,2021,2,KECANT,0,7,0,0,0,0,0,0,0,0,7,1.273,0
GYP09_2021_2,GYP09,27-Apr,2021,2,PHACIC,0,0,0,0,0,0,0,0,0,0,0,0,0
GYP09_2021_2,GYP09,27-Apr,2021,2,CALMAC,0,0,0,0,0,0,0,0,1,0,1,0.182,0
GYP09_2021_2,GYP09,27-Apr,2021,2,ADEFAS,0,0,0,0,0,0,0,0,0,0,0,0,0
GYP09_2021_2,GYP09,27-Apr,2021,2,ERICON,0,16,0,0,0,0,0,0,0,0,16,2.909,0
GYP09_2021_2,GYP09,27-Apr,2021,2,HIRINC,7,0,0,0,0,0,0,0,0,0,7,1.273,0
GYP09_2021_2,GYP09,27-Apr,2021,2,PHOAUR,0,0,0,0,0,0,0,0,0,0,0,0,0
GYP09_2021_3,GYP09,12-May,2021,3,ERIFAS,0,0,0,0,0,0,0,0,0,0,0,0,6
GYP09_2021_3,GYP09,12-May,2021,3,BRANIG,8,0,0,0,0,0,0,0,0,0,8,1.455,0
GYP09_2021_3,GYP09,12-May,2021,3,KECANT,19,0,0,0,0,0,0,0,0,0,19,3.455,0
GYP09_2021_3,GYP09,12-May,2021,3,DEIFAS,0,0,0,0,0,0,0,0,0,0,0,0,0
GYP09_2021_3,GYP09,12-May,2021,3,ERICON,0,0,0,0,0,0,0,0,0,0,0,0,0
GYP09_2021_3,GYP09,12-May,2021,3,BLOCRO,0,0,0,0,0,0,0,0,0,0,0,0,1
GYP09_2022_1,GYP09,4-Apr,2022,1,SALMEL,0,0,0,0,0,522,308,265,0,17,1112,202.182,
GYP09_2022_1,GYP09,4-Apr,2022,1,KECANT,43,67,0,0,0,0,0,0,0,0,110,20,
GYP09_2022_1,GYP09,4-Apr,2022,1,MIRLAE,0,0,0,0,0,0,0,0,0,0,0,0,
GYP09_2022_1,GYP09,4-Apr,2022,1,ESCCAL,0,0,0,0,0,0,0,0,0,0,0,0,
GYP09_2022_1,GYP09,4-Apr,2022,1,MALFAS,0,0,0,0,0,0,0,0,0,0,0,0,
GYP09_2022_1,GYP09,4-Apr,2022,1,PHOAUR,0,0,0,0,0,0,0,0,0,0,0,0,
GYP09_2022_1,GYP09,4-Apr,2022,1,CALMAC,0,0,0,0,0,0,0,0,10,0,10,1.818,
GYP09_2022_1,GYP09,4-Apr,2022,1,MICLIN,0,0,0,0,0,0,0,0,1,0,1,0.182,
GYP09_2022_1,GYP09,4-Apr,2022,1,GILANG,0,0,1,0,0,0,0,0,0,0,1,0.182,
GYP09_2022_1,GYP09,4-Apr,2022,1,CRYMUR,0,0,5,0,0,0,0,0,0,0,5,0.909,
GYP09_2022_1,GYP09,4-Apr,2022,1,DEIFAS,0,4,0,0,0,0,0,0,0,0,4,0.727,
GYP09_2022_1,GYP09,4-Apr,2022,1,PHACRYMUR,0,0,0,0,0,0,0,0,0,0,0,0,
GYP09_2022_1,GYP09,4-Apr,2022,1,EUCCHR,0,0,0,0,0,0,0,0,0,0,0,0,
GYP09_2022_2,GYP09,21-Apr,2022,2,SALMEL,0,0,0,29,8,26,63,91,0,18,235,42.727,
GYP09_2022_2,GYP09,21-Apr,2022,2,CALSPL,0,0,0,0,0,0,0,0,1,0,1,0.182,
GYP09_2022_2,GYP09,21-Apr,2022,2,BLOCRO,0,0,0,0,0,0,0,0,1,0,1,0.182,
GYP09_2022_2,GYP09,21-Apr,2022,2,ERICON,0,11,0,0,0,0,0,0,0,0,11,2,
GYP09_2022_2,GYP09,21-Apr,2022,2,KECANT,2,22,0,0,0,0,0,0,0,0,24,4.364,
GYP09_2022_2,GYP09,21-Apr,2022,2,PHACRYMUR,0,0,0,0,0,0,0,0,0,0,0,0,
GYP09_2022_3,GYP09,19-May,2022,3,DEIFAS,0,0,0,0,0,0,1,59,0,0,60,10.909,
GYP09_2022_3,GYP09,19-May,2022,3,ERIFAS,0,567,0,0,0,0,426,0,0,0,993,180.545,
GYP09_2022_3,GYP09,19-May,2022,3,ESCCAL,0,0,0,0,0,0,0,0,0,0,0,0,
GYP09_2022_3,GYP09,19-May,2022,3,CALMAC,0,0,0,0,0,0,0,0,0,0,0,0,
GYP09_2022_3,GYP09,19-May,2022,3,BRANIG,0,0,0,0,0,0,0,0,0,0,0,0,
GYP09_2022_3,GYP09,19-May,2022,3,ERICON,0,0,0,0,0,0,0,0,0,0,0,0,
GYP09_2022_3,GYP09,19-May,2022,3,SALMEL,0,0,0,0,0,0,0,0,0,0,0,0,
GYP09_2022_3,GYP09,19-May,2022,3,SALAPI,0,0,0,0,0,0,0,0,0,0,0,0,
I02_2021_1,I02,1-Apr,2021,1,HIRINC,18,0,9,1,8,5,3,6,2,5,57,10.364,0
I02_2021_1,I02,1-Apr,2021,1,EROCIC,1,0,0,0,0,0,0,0,0,0,1,0.182,0
I02_2021_2,I02,27-Apr,2021,2,EROCIC,0,0,0,0,0,0,1,1,0,7,9,1.636,0
I02_2021_2,I02,27-Apr,2021,2,HIRINC,16,5,3,11,0,3,8,19,2,0,62,11.273,0
I02_2021_2,I02,27-Apr,2021,2,SONOLE,0,0,0,0,0,1,1,0,0,0,1,0.182,0
I02_2021_2,I02,27-Apr,2021,2,CALSPL,1,0,0,0,0,0,0,0,0,0,1,0.182,0
I02_2021_2,I02,27-Apr,2021,2,ACMGLA,0,0,0,0,0,0,0,2,0,0,2,0.364,0
I02_2021_2,I02,27-Apr,2021,2,SALMEL,0,0,0,0,0,0,0,0,0,0,0,0,0
I02_2021_2,I02,27-Apr,2021,2,SISBEL,0,0,0,0,0,0,0,0,0,0,0,0,0
I02_2021_2,I02,27-Apr,2021,2,DICCAP,0,0,0,0,0,0,0,0,0,0,0,0,0
I02_2021_2,I02,27-Apr,2021,2,HYPGLA,0,0,0,0,0,0,0,0,0,1,1,0.182,0
I02_2021_2,I02,27-Apr,2021,2,TRILAN,0,0,0,0,0,0,0,0,0,0,0,0,0
I02_2021_2,I02,27-Apr,2021,2,CALMAC,0,0,0,0,0,0,0,0,0,0,0,0,0
I02_2021_3,I02,12-May,2021,3,TRILAN,0,0,0,0,0,0,0,0,0,0,0,0,38
I02_2021_3,I02,12-May,2021,3,ACMGLA,0,0,0,0,0,0,0,212,0,0,212,38.545,16
I02_2021_3,I02,12-May,2021,3,BRANIG,8,0,9,0,1,2,7,2,15,1,45,8.182,0
I02_2021_3,I02,12-May,2021,3,CALSPL,0,0,0,0,0,0,0,0,0,0,0,0,1
I02_2021_3,I02,12-May,2021,3,SALMEL,0,0,0,0,0,0,0,0,0,0,0,0,131
I02_2021_3,I02,12-May,2021,3,DEIFAS,32,0,4,0,0,0,0,0,0,0,36,6.545,0
I02_2021_3,I02,12-May,2021,3,MALFAS,0,0,0,0,0,0,0,0,0,0,0,0,0
I02_2021_3,I02,12-May,2021,3,OSMTEN,0,0,0,0,0,0,0,0,0,0,0,0,0
I02_2021_3,I02,12-May,2021,3,CENMEL,0,0,0,0,0,0,0,0,0,0,0,0,0
I02_2022_1,I02,4-Apr,2022,1,BRANIG,4,2,2,2,2,30,3,0,0,0,45,8.182,
I02_2022_1,I02,4-Apr,2022,1,EROCIC,0,1,0,0,0,3,0,0,0,0,4,0.727,
I02_2022_1,I02,4-Apr,2022,1,CALMAC,0,0,0,0,0,0,0,0,0,0,0,0,
I02_2022_1,I02,4-Apr,2022,1,DICCAP,0,0,0,0,0,0,0,0,0,0,0,0,
I02_2022_1,I02,4-Apr,2022,1,SALMEL,0,0,0,0,0,0,0,0,0,0,0,0,
I02_2022_1,I02,4-Apr,2022,1,TRILAN,0,0,0,0,0,0,0,0,0,0,0,0,
I02_2022_1,I02,4-Apr,2022,1,CALSPL,0,0,0,0,0,0,0,0,0,0,0,0,
I02_2022_1,I02,4-Apr,2022,1,HESWHI,0,0,0,0,0,0,0,0,0,0,0,0,
I02_2022_2,I02,21-Apr,2022,2,BRANIG,5,0,0,3,1,38,14,21,1,0,83,15.091,
I02_2022_2,I02,21-Apr,2022,2,DEIFAS,2,1,1,0,16,0,0,0,0,0,20,3.636,
I02_2022_2,I02,21-Apr,2022,2,CALSPL,0,0,0,0,0,0,0,0,0,0,0,0,
I02_2022_2,I02,21-Apr,2022,2,ACMGLA,0,0,0,0,0,0,0,286,0,0,286,52,
I02_2022_2,I02,21-Apr,2022,2,SISBEL,0,0,0,0,0,0,0,0,0,0,0,0,
I02_2022_2,I02,21-Apr,2022,2,SALMEL,0,0,0,0,0,0,0,0,0,0,0,0,
I02_2022_2,I02,21-Apr,2022,2,TRILAN,0,0,0,0,0,0,0,0,0,0,0,0,
I02_2022_3,I02,19-May,2022,3,DEIFAS,39,11,19,3,8,2,0,2,7,16,107,19.455,
I02_2022_3,I02,19-May,2022,3,CALWED,0,0,0,0,0,0,0,1,0,0,1,0.182,
I02_2022_3,I02,19-May,2022,3,ACMGLA,0,0,0,0,0,0,0,0,1,0,1,0.182,
I02_2022_3,I02,19-May,2022,3,BRANIG,0,0,0,0,0,0,0,0,3,0,3,0.545,
I02_2022_3,I02,19-May,2022,3,TRILAN,0,0,0,0,0,0,0,0,0,0,0,0,
I02_2022_3,I02,19-May,2022,3,MALFAS,0,0,0,0,0,0,0,0,0,0,0,0,
I02_2022_3,I02,19-May,2022,3,OSMTEN,0,0,0,0,0,0,0,0,0,0,0,0,
I02_2022_3,I02,19-May,2022,3,SALMEL,0,0,0,0,0,0,0,0,0,0,0,0,
I02_2022_3,I02,19-May,2022,3,ENCCAL,0,0,0,0,0,0,0,0,0,0,0,0,
I08_2021_1,I08,31-Mar,2021,1,LUPBIC,0,0,0,0,0,0,0,0,2,9,11,2,0
I08_2021_1,I08,31-Mar,2021,1,DICCAP,0,0,0,3,1,0,0,0,0,0,4,0.727,0
I08_2021_1,I08,31-Mar,2021,1,EROCIC,0,0,0,0,0,0,0,0,0,0,0,0,0
I08_2021_2,I08,21-Apr,2021,2,EROCIC,0,9,0,0,0,0,0,0,0,2,2,0.364,0
I08_2021_2,I08,21-Apr,2021,2,HIRINC,0,0,0,0,0,0,0,4,0,0,4,0.727,0
I08_2021_2,I08,21-Apr,2021,2,CASEXS,0,0,0,0,0,0,0,0,0,0,0,0,0
I08_2021_2,I08,21-Apr,2021,2,SONOLE,0,0,0,0,0,0,0,0,0,0,0,0,0
I08_2021_2,I08,21-Apr,2021,2,SALAPI,0,0,49,0,0,0,0,0,0,0,49,8.909,0
I08_2021_3,I08,10-May,2021,3,ERIFAS,0,0,0,0,0,0,0,0,0,6,6,1.091,0
I08_2021_3,I08,10-May,2021,3,ERICON,10,0,0,0,0,0,0,0,0,0,10,1.818,0
I08_2022_1,I08,22-Mar,2022,1,LUPBIC,5,0,0,2,0,0,0,0,3,0,10,1.818,
I08_2022_1,I08,22-Mar,2022,1,EROCIC,2,0,2,1,17,2,0,9,0,0,33,6,
I08_2022_1,I08,22-Mar,2022,1,DICCAP,0,0,0,2,1,1,0,2,0,0,6,1.091,
I08_2022_1,I08,22-Mar,2022,1,BRANIG,0,0,0,5,16,1,0,9,0,0,31,5.636,
I08_2022_1,I08,22-Mar,2022,1,CASEXS,1,0,0,0,0,0,0,0,0,0,1,0.182,
I08_2022_1,I08,22-Mar,2022,1,SALMEL,0,10,0,0,0,0,0,0,0,0,10,1.818,
I08_2022_1,I08,22-Mar,2022,1,SOLXAN,0,0,0,0,0,0,0,0,0,0,0,0,
I08_2022_1,I08,22-Mar,2022,1,ERIFAS,0,0,0,0,0,0,0,0,0,0,0,0,
I08_2022_2,I08,18-Apr,2022,2,SALMEL,0,652,153,0,0,0,0,0,0,0,805,146.364,
I08_2022_2,I08,18-Apr,2022,2,ERIFAS,0,0,5,0,0,0,5,4,0,0,14,2.545,
I08_2022_2,I08,18-Apr,2022,2,BRANIG,0,0,0,3,8,6,15,8,0,0,40,7.273,
I08_2022_2,I08,18-Apr,2022,2,EROCIC,0,0,0,4,5,7,1,2,0,0,19,3.455,
I08_2022_2,I08,18-Apr,2022,2,ACMGLA,0,0,0,0,0,0,0,0,0,0,0,0,
I08_2022_2,I08,18-Apr,2022,2,CALSPL,0,0,0,0,0,0,0,0,0,0,0,0,
I08_2022_2,I08,18-Apr,2022,2,DEIFAS,0,0,0,0,0,0,0,0,0,0,0,0,
I08_2022_2,I08,18-Apr,2022,2,ESCCAL,0,0,0,0,0,0,0,0,0,0,0,0,
I08_2022_3,I08,11-May,2022,3,ACMGLA,0,0,0,25,62,64,0,0,0,26,177,32.182,
I08_2022_3,I08,11-May,2022,3,ERIFAS,0,34,0,23,0,37,0,240,80,16,430,78.182,
I08_2022_3,I08,11-May,2022,3,DEIFAS,0,0,0,48,0,0,0,162,46,1,257,46.727,
I08_2022_3,I08,11-May,2022,3,MALFAS,0,0,0,0,0,0,2,0,0,0,2,0.364,
I08_2022_3,I08,11-May,2022,3,BRANIG,0,0,0,0,0,3,0,0,0,0,3,0.545,
I08_2022_3,I08,11-May,2022,3,EROCIC,0,0,0,0,2,0,0,0,0,0,2,0.364,
I08_2022_3,I08,11-May,2022,3,SALMEL,0,280,0,0,0,0,0,0,0,0,280,50.909,
I08_2022_3,I08,11-May,2022,3,ERICON,0,0,0,0,0,0,0,0,0,0,0,0,
I08_2022_3,I08,11-May,2022,3,CALSPL,0,0,0,0,0,0,0,0,0,0,0,0,
I14_2021_1,I14,26-Mar,2021,1,SONOLE,0,2,6,0,0,0,0,0,2,0,10,1.818,0
I14_2021_1,I14,26-Mar,2021,1,EROCIC,0,0,10,0,0,13,17,18,5,0,63,11.455,0
I14_2021_1,I14,26-Mar,2021,1,LUPBIC,0,0,3,0,0,0,0,0,8,0,11,2,0
I14_2021_1,I14,26-Mar,2021,1,GILANG,22,25,42,0,0,38,2,44,41,5,219,39.818,0
I14_2021_1,I14,26-Mar,2021,1,ESCCAL,0,0,0,0,0,0,0,0,5,0,5,0.909,0
I14_2021_1,I14,26-Mar,2021,1,ACMGLA,0,0,0,0,0,1,0,0,0,0,1,0.182,0
I14_2021_2,I14,15-Apr,2021,2,HIRINC,0,17,0,13,0,0,1,0,7,8,46,8.364,0
I14_2021_2,I14,15-Apr,2021,2,DICCAP,0,0,0,0,0,0,0,0,0,2,2,0.364,0
I14_2021_2,I14,15-Apr,2021,2,LUPTRE,0,0,0,0,2,0,0,0,0,0,2,0.364,0
I14_2021_2,I14,15-Apr,2021,2,GILANG,0,0,0,0,0,0,6,0,9,0,15,2.727,0
I14_2021_2,I14,15-Apr,2021,2,SONOLE,0,0,0,2,0,0,0,0,0,0,2,0.364,0
I14_2021_2,I14,15-Apr,2021,2,SONASP,0,0,0,1,0,0,0,0,0,4,5,0.909,0
I14_2021_2,I14,15-Apr,2021,2,EROMOS,0,0,0,0,0,0,2,0,1,0,3,0.545,0
I14_2021_2,I14,15-Apr,2021,2,ESCCAL,0,0,0,0,0,0,0,0,0,0,0,0,0
I14_2021_3,I14,3-May,2021,3,SONOLE,0,0,0,1,0,0,0,0,0,1,2,0.364,0
I14_2021_3,I14,3-May,2021,3,ESCCAL,0,0,0,0,0,0,0,0,0,0,0,0,0
I14_2021_3,I14,3-May,2021,3,BRANIG,0,0,0,1,0,0,0,0,22,0,23,4.182,0
I14_2021_3,I14,3-May,2021,3,ERIFAS,0,0,0,0,0,0,0,0,0,0,0,0,0
I14_2021_3,I14,3-May,2021,3,ACMGLA,0,0,0,0,0,0,0,0,0,0,0,0,0
I14_2021_3,I14,3-May,2021,3,CASEXS,0,0,0,0,0,0,0,0,0,0,0,0,0
I14_2021_3,I14,3-May,2021,3,EROCIC,0,0,0,0,0,0,0,0,1,0,1,0.182,0
I14_2021_3,I14,3-May,2021,3,DEIFAS,0,0,7,0,0,2,1,0,0,0,10,1.818,0
I14_2022_1,I14,17-Mar,2022,1,ESCCAL,0,0,0,2,0,0,0,0,40,0,42,7.636,
I14_2022_1,I14,17-Mar,2022,1,BRANIG,0,0,0,0,0,0,0,0,0,0,0,0,
I14_2022_1,I14,17-Mar,2022,1,GILANG,20,19,15,0,7,7,28,4,32,3,135,24.545,
I14_2022_1,I14,17-Mar,2022,1,LUPBIC,0,0,17,0,0,4,17,0,3,0,41,7.455,
I14_2022_1,I14,17-Mar,2022,1,EROCIC,0,0,0,0,0,0,0,0,0,0,0,0,
I14_2022_1,I14,17-Mar,2022,1,MEDPOL,0,0,0,0,0,0,0,0,0,0,0,0,
I14_2022_1,I14,17-Mar,2022,1,LUPTRU,0,0,0,3,8,0,3,0,0,0,14,2.545,
I14_2022_2,I14,14-Apr,2022,2,ERIFAS,4,0,0,0,0,0,102,0,0,0,106,19.273,
I14_2022_2,I14,14-Apr,2022,2,BRANIG,25,23,6,0,14,0,0,0,0,0,68,12.364,
I14_2022_2,I14,14-Apr,2022,2,EROCIC,1,0,0,0,0,5,0,0,5,0,11,2,
I14_2022_2,I14,14-Apr,2022,2,ACMGLA,0,0,0,0,0,0,0,0,0,0,0,0,
I14_2022_2,I14,14-Apr,2022,2,LUPTRU,0,0,0,10,0,0,0,0,0,0,10,1.818,
I14_2022_2,I14,14-Apr,2022,2,ESCCAL,0,0,0,0,0,0,0,0,13,0,13,2.364,
I14_2022_2,I14,14-Apr,2022,2,GILANG,0,0,0,16,0,0,0,0,10,0,26,4.727,
I14_2022_2,I14,14-Apr,2022,2,MALFAS,0,0,0,0,0,0,0,0,0,0,0,0,
I14_2022_3,I14,4-May,2022,3,ESCCAL,0,0,0,12,0,0,0,0,11,5,28,5.091,
I14_2022_3,I14,4-May,2022,3,SONOLE,0,0,0,0,0,0,0,0,0,4,4,0.727,
I14_2022_3,I14,4-May,2022,3,EROCIC,0,0,0,0,0,3,1,0,6,0,10,1.818,
I14_2022_3,I14,4-May,2022,3,LUPTRU,0,0,0,0,0,0,0,0,0,0,0,0,
I14_2022_3,I14,4-May,2022,3,BRANIG,0,7,5,6,0,0,0,0,50,0,68,12.364,
I14_2022_3,I14,4-May,2022,3,DEIFAS,0,0,8,0,0,13,3,0,1,0,25,4.545,
I14_2022_3,I14,4-May,2022,3,ERIFAS,85,10,5,0,9,7,3,855,0,0,974,177.091,
I14_2022_3,I14,4-May,2022,3,MALFAS,0,0,0,0,0,0,0,0,0,0,0,0,
I14_2022_3,I14,4-May,2022,3,GILANG,0,0,0,0,0,0,0,0,0,0,0,0,
I14_2022_3,I14,4-May,2022,3,ACMGLA,42,0,0,0,0,0,0,0,0,0,42,7.636,
I15_2021_1,I15,26-Mar,2021,1,CALCIL,0,0,0,0,53,1,0,0,0,0,54,9.818,0
I15_2021_1,I15,26-Mar,2021,1,GILANG,0,0,0,0,0,0,3,0,0,0,3,0.545,0
I15_2021_2,I15,15-Apr,2021,2,SOLXAN,0,0,0,0,0,0,0,0,0,0,0,0,0
I15_2021_2,I15,15-Apr,2021,2,HIRINC,0,0,0,0,0,0,0,0,0,0,0,0,0
I15_2021_2,I15,15-Apr,2021,2,SALMEL,0,0,0,0,0,0,0,0,0,0,0,0,0
I15_2021_2,I15,15-Apr,2021,2,DICCAP,0,0,0,0,0,0,0,0,0,0,0,0,0
I15_2021_2,I15,15-Apr,2021,2,SONOLE,0,0,0,0,0,1,0,0,0,0,1,0.182,0
I15_2021_2,I15,15-Apr,2021,2,GILANG,0,0,0,2,0,0,5,0,0,0,7,1.273,0
I15_2021_2,I15,15-Apr,2021,2,EROCIC,0,0,0,1,32,1,0,0,0,0,34,6.182,0
I15_2021_2,I15,15-Apr,2021,2,MICLIN,0,0,0,3,0,6,2,0,0,1,12,2.182,0
I15_2021_2,I15,15-Apr,2021,2,BRANIG,0,0,0,0,0,0,0,0,0,3,3,0.545,0
I15_2021_2,I15,15-Apr,2021,2,LUPBIC,0,0,0,0,0,0,6,0,0,0,6,1.091,0
I15_2021_2,I15,15-Apr,2021,2,EROCIC,0,0,0,0,0,0,8,0,0,0,8,1.455,0
I15_2021_3,I15,3-May,2021,3,BRANIG,0,0,0,0,60,7,0,0,0,0,67,12.182,0
I15_2021_3,I15,3-May,2021,3,SALMEL,0,0,0,0,0,0,0,0,0,0,0,0,0
I15_2021_3,I15,3-May,2021,3,ACMGLA,0,0,0,0,0,3,0,0,0,0,3,0.545,0
I15_2021_3,I15,3-May,2021,3,CALMAC,0,0,0,0,0,0,0,0,0,0,0,0,0
I15_2021_3,I15,3-May,2021,3,EROCIC,0,0,0,0,2,1,0,0,0,0,3,0.545,0
I15_2022_1,I15,17-Mar,2022,1,EROCIC,1,0,0,0,2,0,0,0,0,0,3,0.545,
I15_2022_1,I15,17-Mar,2022,1,EROMOS,0,0,0,0,1,2,0,0,0,0,3,0.545,
I15_2022_1,I15,17-Mar,2022,1,LUPBIC,0,0,0,0,0,0,0,0,0,0,0,0,
I15_2022_1,I15,17-Mar,2022,1,GILANG,0,0,0,0,0,0,0,0,0,0,0,0,
I15_2022_1,I15,17-Mar,2022,1,SALMEL,0,0,0,0,0,0,0,0,0,0,0,0,
I15_2022_1,I15,17-Mar,2022,1,SOLXAN,0,0,0,0,0,0,0,0,0,0,0,0,
I15_2022_1,I15,17-Mar,2022,1,CALMAC,0,0,0,0,0,0,0,0,0,0,0,0,
I15_2022_2,I15,14-Apr,2022,2,ACMGLA,0,50,9,3,0,5,0,0,3,0,70,12.727,
I15_2022_2,I15,14-Apr,2022,2,GILANG,0,0,0,1,0,0,0,0,0,0,1,0.182,
I15_2022_2,I15,14-Apr,2022,2,EROCIC,0,0,0,1,0,0,3,0,0,0,4,0.727,
I15_2022_2,I15,14-Apr,2022,2,BRANIG,0,0,0,0,0,0,15,0,0,0,15,2.727,
I15_2022_2,I15,14-Apr,2022,2,EROBRA,0,0,0,0,0,0,1,0,0,0,1,0.182,
I15_2022_2,I15,14-Apr,2022,2,SALMEL,0,0,0,0,0,0,0,0,28,0,28,5.091,
I15_2022_3,I15,4-May,2022,3,ACMGLA,8,235,152,288,5,7,354,256,148,112,1565,284.545,
I15_2022_3,I15,4-May,2022,3,BRANIG,0,0,0,0,32,304,180,0,0,0,516,93.818,
I15_2022_3,I15,4-May,2022,3,MALFAS,0,0,0,4,0,0,0,19,0,0,23,4.182,
I15_2022_3,I15,4-May,2022,3,EROMOS,0,0,0,0,4,0,1,0,0,0,5,0.909,
I15_2022_3,I15,4-May,2022,3,SALMEL,0,0,0,0,0,0,0,0,25,0,25,4.545,
I15_2022_3,I15,4-May,2022,3,ERIFAS,0,0,0,0,0,0,0,0,0,0,0,0,
I20_2021_2,I20,16-Apr,2021,2,SALMEL,0,24,0,0,0,0,0,0,0,0,24,4.364,0
I20_2021_2,I20,16-Apr,2021,2,CEACRA,0,32,0,0,0,0,0,0,0,0,32,5.818,0
I20_2021_3,I20,11-May,2021,3,ERICAL,0,0,0,0,0,0,0,0,0,0,0,0,0
I20_2021_3,I20,11-May,2021,3,ACMGLA,0,0,0,0,0,0,0,0,0,0,0,0,0
I20_2021_3,I20,11-May,2021,3,ERIFAS,0,0,0,0,0,0,0,0,3,0,3,0.545,0
I20_2021_3,I20,11-May,2021,3,ERICON,0,0,0,0,0,0,0,0,0,0,0,0,0
I20_2021_3,I20,11-May,2021,3,DEIFAS,0,0,0,0,0,0,0,0,0,0,0,0,0
I20_2021_3,I20,11-May,2021,3,CALSPL,0,0,0,0,0,0,0,0,0,0,0,0,0
I20_2022_1,I20,6-Apr,2022,1,CEACRA,0,0,0,0,0,0,0,0,0,0,0,0,
I20_2022_1,I20,6-Apr,2022,1,SALMEL,0,327,0,0,0,0,0,0,0,0,327,59.455,
I20_2022_1,I20,6-Apr,2022,1,ESCCAL,0,1,8,2,0,2,0,0,0,2,15,2.727,
I20_2022_1,I20,6-Apr,2022,1,BRANIG,0,0,18,0,0,0,0,0,0,0,18,3.273,
I20_2022_1,I20,6-Apr,2022,1,DICCAP,0,0,0,2,0,0,0,0,0,0,2,0.364,
I20_2022_1,I20,6-Apr,2022,1,ERIFAS,0,0,0,0,0,0,0,0,0,2,2,0.364,
I20_2022_1,I20,6-Apr,2022,1,EROCIC,0,0,0,0,0,0,0,0,0,3,3,0.545,
I20_2022_1,I20,6-Apr,2022,1,ERICAL,0,0,0,0,0,0,0,0,0,0,0,0,
I20_2022_2,I20,28-Apr,2022,2,SALMEL,0,762,0,0,0,0,0,0,0,0,762,138.545,
I20_2022_2,I20,28-Apr,2022,2,CALSPL,2,1,0,0,0,0,0,0,0,0,3,0.545,
I20_2022_2,I20,28-Apr,2022,2,ESCCAL,2,10,1,2,6,0,0,0,0,0,21,3.818,
I20_2022_2,I20,28-Apr,2022,2,BRANIG,0,47,21,0,0,0,0,0,0,0,68,12.364,
I20_2022_2,I20,28-Apr,2022,2,EROCIC,1,1,0,0,0,0,0,0,0,0,2,0.364,
I20_2022_2,I20,28-Apr,2022,2,PHACRYMUR,36,0,0,0,0,0,0,0,0,0,36,6.545,
I20_2022_2,I20,28-Apr,2022,2,ACMGLA,0,0,0,0,0,0,0,0,110,0,110,20,
I20_2022_2,I20,28-Apr,2022,2,ERIFAS,0,0,0,0,0,0,0,0,0,0,0,0,
I20_2022_2,I20,28-Apr,2022,2,DEIFAS,0,0,0,0,0,0,0,0,0,0,0,0,
I20_2022_2,I20,28-Apr,2022,2,ERICON,0,0,0,0,0,0,0,0,0,0,0,0,
I20_2022_2,I20,28-Apr,2022,2,MALFAS,0,0,0,0,0,0,0,0,0,0,0,0,
I20_2022_3,I20,18-May,2022,3,SALMEL,0,54,0,0,0,0,0,0,0,0,54,9.818,
I20_2022_3,I20,18-May,2022,3,DEIFAS,0,0,0,0,8,0,3,54,25,4,94,17.091,
I20_2022_3,I20,18-May,2022,3,CALSPL,0,0,0,0,0,0,0,0,0,0,0,0,
I20_2022_3,I20,18-May,2022,3,ESCCAL,0,0,0,0,0,0,2,0,0,0,2,0.364,
I20_2022_3,I20,18-May,2022,3,BRANIG,0,2,0,0,0,0,0,0,0,0,2,0.364,
I20_2022_3,I20,18-May,2022,3,ERIFOL,0,0,0,0,0,0,441,27,57,168,693,126,816
I20_2022_3,I20,18-May,2022,3,ERIFAS,0,0,0,0,0,0,0,0,11,0,11,2,1350
I20_2022_3,I20,18-May,2022,3,ACMGLA,0,0,0,0,0,0,0,0,0,3,3,0.545,
I20_2022_3,I20,18-May,2022,3,MALFAS,0,0,0,0,0,0,0,0,0,0,0,0,
I40_2021_1,I40,31-Mar,2021,1,MICLIN,0,0,0,0,0,0,14,3,2,68,87,15.818,0
I40_2021_1,I40,31-Mar,2021,1,EROCIC,0,0,0,0,1,0,0,2,3,19,25,4.545,0
I40_2021_1,I40,31-Mar,2021,1,EROBOT,0,0,0,0,0,0,1,3,2,0,6,1.091,0
I40_2021_1,I40,31-Mar,2021,1,GILANG,0,0,0,0,0,0,0,3,9,4,16,2.909,0
I40_2021_1,I40,31-Mar,2021,1,FOEVUL,0,0,0,0,3,0,0,0,0,0,3,0.545,0
I40_2021_2,I40,21-Apr,2021,2,EROBRA,0,0,6,2,1,0,0,3,0,0,9,1.636,0
I40_2021_2,I40,21-Apr,2021,2,SISBEL,0,0,3,0,0,0,0,0,0,0,3,0.545,0
I40_2021_2,I40,21-Apr,2021,2,HYPGLA,0,0,3,0,0,0,0,0,0,0,3,0.545,0
I40_2021_2,I40,21-Apr,2021,2,SALMEL,0,0,0,0,0,0,0,0,10,0,0,0,0
I40_2021_2,I40,21-Apr,2021,2,CASEXS,0,0,0,0,0,0,0,0,0,0,0,0,0
I40_2021_2,I40,21-Apr,2021,2,SOLXAN,0,0,0,0,0,0,0,0,0,0,0,0,0
I40_2021_3,I40,10-May,2021,3,DEIFAS,0,0,0,0,0,0,0,1,0,48,49,8.909,0
I40_2021_3,I40,10-May,2021,3,ACMGLA,0,11,0,0,53,14,63,0,0,0,141,25.636,0
I40_2021_3,I40,10-May,2021,3,SALMEL,32,0,0,83,0,0,0,0,0,0,115,20.909,720
I40_2021_3,I40,10-May,2021,3,EROBRA,0,0,2,0,0,0,0,0,0,0,2,0.364,0
I40_2021_3,I40,10-May,2021,3,CALSPL,0,0,0,0,0,0,0,0,0,0,0,0,0
I40_2021_3,I40,10-May,2021,3,ERIFAS,0,0,0,0,0,0,0,0,0,0,0,0,0
I40_2021_3,I40,10-May,2021,3,BRANIG,10,7,0,0,0,0,0,0,0,0,17,3.091,0
I40_2021_3,I40,10-May,2021,3,SALAPI,0,0,0,0,0,0,0,0,0,0,0,0,0
I40_2021_3,I40,10-May,2021,3,ERICON,15,7,0,0,0,0,0,0,0,0,22,4,0
I40_2021_3,I40,10-May,2021,3,SILGAL,0,0,2,0,0,0,0,0,0,0,2,0.364,0
I40_2021_3,I40,10-May,2021,3,OSMTEN,0,0,0,0,0,0,0,0,0,0,0,0,0
I40_2021_3,I40,10-May,2021,3,SISBEL,0,0,0,0,0,0,0,0,0,0,0,0,0
I40_2021_3,I40,10-May,2021,3,CALMAC,0,0,0,0,0,0,0,0,0,0,0,0,0
I40_2022_1,I40,22-Mar,2022,1,BRANIG,0,0,0,0,0,0,0,0,0,0,0,0,
I40_2022_1,I40,22-Mar,2022,1,LUPTRU,0,0,0,0,0,0,0,0,0,0,0,0,
I40_2022_1,I40,22-Mar,2022,1,SANARG,0,0,0,0,0,0,0,0,0,0,0,0,
I40_2022_1,I40,22-Mar,2022,1,SALMEL,2,0,0,26,0,0,0,0,0,0,28,5.091,
I40_2022_1,I40,22-Mar,2022,1,EROCIC,0,0,0,0,0,0,0,0,0,1,1,0.182,
I40_2022_1,I40,22-Mar,2022,1,LUPBIC,0,0,0,0,0,0,0,0,0,4,4,0.727,
I40_2022_1,I40,22-Mar,2022,1,ESCCAL,0,0,0,0,0,0,0,27,0,0,27,4.909,
I40_2022_1,I40,22-Mar,2022,1,GILANG,0,0,0,0,0,0,0,0,0,6,6,1.091,
I40_2022_1,I40,22-Mar,2022,1,CASEXS,0,0,0,0,0,0,0,3,0,1,4,0.727,
I40_2022_1,I40,22-Mar,2022,1,EROBOT,0,0,0,0,0,0,0,0,0,0,0,0,
I40_2022_1,I40,22-Mar,2022,1,EUCCHR,1,0,0,0,0,0,0,0,0,0,1,0.182,
I40_2022_2,I40,18-Apr,2022,2,BRANIG,3,0,0,0,0,0,0,0,0,0,3,0.545,
I40_2022_2,I40,18-Apr,2022,2,ESCCAL,2,0,0,0,0,0,0,0,0,0,2,0.364,
I40_2022_2,I40,18-Apr,2022,2,CASEXS,0,0,0,0,0,0,0,0,0,0,0,0,
I40_2022_2,I40,18-Apr,2022,2,DEIFAS,0,4,0,0,0,0,0,0,0,0,4,0.727,
I40_2022_2,I40,18-Apr,2022,2,EROCIC,0,1,1,0,0,0,0,10,2,0,14,2.545,
I40_2022_2,I40,18-Apr,2022,2,EROBRA,0,0,6,0,0,0,0,0,0,0,6,1.091,
I40_2022_2,I40,18-Apr,2022,2,EROBOT,0,0,7,0,0,0,0,4,1,0,12,2.182,
I40_2022_2,I40,18-Apr,2022,2,SALMEL,0,0,0,279,0,0,0,0,0,0,279,50.727,
I40_2022_2,I40,18-Apr,2022,2,ACMGLA,0,0,0,0,13,6,0,0,0,292,311,56.545,
I40_2022_2,I40,18-Apr,2022,2,MICLIN,0,0,0,0,0,2,0,0,0,0,2,0.364,
I40_2022_2,I40,18-Apr,2022,2,LUPBIC,0,0,0,0,0,0,0,0,3,0,3,0.545,
I40_2022_2,I40,18-Apr,2022,2,GILANG,0,0,0,0,0,0,0,1,3,0,4,0.727,
I40_2022_3,I40,11-May,2022,3,ACMGLA,0,7,0,0,1600,1750,1040,378,282,91,5148,936,
I40_2022_3,I40,11-May,2022,3,DEIFAS,0,0,0,0,1,0,3,11,3,7,25,4.545,
I40_2022_3,I40,11-May,2022,3,ERIFAS,0,0,0,0,0,0,0,0,0,0,0,0,
I40_2022_3,I40,11-May,2022,3,ENCCAL,2,2,0,0,0,0,0,0,0,0,4,0.727,
I40_2022_3,I40,11-May,2022,3,OSMTEN,0,0,22,0,0,0,0,0,0,0,22,4,
I40_2022_3,I40,11-May,2022,3,CLAPUR,0,0,0,0,0,0,0,0,0,0,0,0,
I40_2022_3,I40,11-May,2022,3,SALAPI,0,0,0,0,0,0,0,0,0,0,0,0,
I40_2022_3,I40,11-May,2022,3,SALMEL,153,0,0,143,0,0,0,0,0,0,296,53.818,
I40_2022_3,I40,11-May,2022,3,CALSPL,0,0,0,0,1,0,0,0,0,0,1,0.182,
I40_2022_3,I40,11-May,2022,3,BRANIG,142,7,7,0,0,0,0,11,0,0,167,30.364,
I40_2022_3,I40,11-May,2022,3,SISBEL,0,0,0,0,0,0,0,0,0,0,0,0,
I40_2022_3,I40,11-May,2022,3,CALEXS,0,0,1,0,0,0,0,0,0,0,1,0.182,
I40_2022_3,I40,11-May,2022,3,EROBOT,0,0,2,0,0,0,0,0,0,0,2,0.364,
I40_2022_3,I40,11-May,2022,3,ERICON,0,411,0,0,0,0,0,0,0,0,411,74.727,
I50_2021_2,I50,16-Apr,2021,2,GILANG,0,0,1,9,0,0,0,0,0,0,10,1.818,0
I50_2021_2,I50,16-Apr,2021,2,MICLIN,0,0,0,0,0,0,1,0,0,0,1,0.182,0
I50_2021_2,I50,16-Apr,2021,2,ANAARV,0,0,1,1,0,0,0,0,0,0,2,0.364,0
I50_2021_2,I50,16-Apr,2021,2,HYPGLA,0,0,0,0,0,0,0,2,0,0,2,0.364,0
I50_2021_2,I50,16-Apr,2021,2,EROCIC,0,0,0,0,0,0,2,0,0,0,2,0.364,0
I50_2021_2,I50,16-Apr,2021,2,EROBOT,0,0,0,0,4,0,0,0,0,0,4,0.727,0
I50_2021_2,I50,16-Apr,2021,2,EUCCHR,0,0,2,14,0,0,0,0,0,0,16,2.909,0
I50_2021_3,I50,11-May,2021,3,ACMGLA,47,70,56,370,250,3,0,0,59,5,860,156.364,0
I50_2021_3,I50,11-May,2021,3,BRANIG,0,0,0,0,0,0,2,47,0,4,53,9.636,0
I50_2021_3,I50,11-May,2021,3,CALSPL,0,0,0,0,0,0,0,0,1,0,1,0.182,0
I50_2021_3,I50,11-May,2021,3,EROBRA,1,0,0,0,0,0,0,0,0,0,1,0.182,0
I50_2021_3,I50,11-May,2021,3,CLAPUR,0,0,0,0,0,0,0,0,0,0,0,0,0
I50_2021_3,I50,11-May,2021,3,ERIFAS,0,0,0,0,0,0,0,0,0,0,0,0,0
I50_2021_3,I50,11-May,2021,3,ERICAL,0,0,0,0,0,0,0,0,0,0,0,0,0
I50_2021_3,I50,11-May,2021,3,CALMAC,0,0,0,0,0,0,0,0,0,0,0,0,0
I50_2022_1,I50,6-Apr,2022,1,ACMGLA,0,0,0,0,0,0,0,0,0,1,1,0.182,
I50_2022_1,I50,6-Apr,2022,1,BRANIG,0,0,0,0,0,0,0,0,0,3,3,0.545,
I50_2022_1,I50,6-Apr,2022,1,SISBEL,0,0,0,0,0,0,0,0,0,0,0,0,
I50_2022_1,I50,6-Apr,2022,1,ERICAL,0,0,0,0,0,0,20,0,0,0,20,3.636,
I50_2022_1,I50,6-Apr,2022,1,GILANG,0,0,0,0,0,0,1,0,3,0,4,0.727,
I50_2022_1,I50,6-Apr,2022,1,SANARG,0,0,0,0,0,0,0,0,0,0,0,0,
I50_2022_1,I50,6-Apr,2022,1,EROCIC,0,0,0,0,0,7,2,3,3,0,15,2.727,
I50_2022_1,I50,6-Apr,2022,1,LUPBIC,0,0,0,0,0,18,2,3,3,0,26,4.727,
I50_2022_1,I50,6-Apr,2022,1,DICCAP,0,0,0,0,0,14,0,0,0,0,14,2.545,
I50_2022_1,I50,6-Apr,2022,1,EROBRA,0,0,0,0,0,0,5,0,0,0,5,0.909,
I50_2022_1,I50,6-Apr,2022,1,SALMEL,400,0,0,0,0,0,0,0,0,0,400,72.727,
I50_2022_2,I50,28-Apr,2022,2,EROCIC,2,3,0,6,5,0,5,7,2,0,30,5.455,
I50_2022_2,I50,28-Apr,2022,2,ACMGLA,550,25,87,78,26,534,69,18,172,996,2555,464.545,
I50_2022_2,I50,28-Apr,2022,2,EROMOS,0,0,0,1,0,0,0,0,1,0,2,0.364,
I50_2022_2,I50,28-Apr,2022,2,MICLIN,0,0,1,5,0,0,0,0,1,0,7,1.273,
I50_2022_2,I50,28-Apr,2022,2,BRANIG,0,0,0,0,0,0,0,0,2,0,2,0.364,
I50_2022_2,I50,28-Apr,2022,2,CALSPL,0,0,0,0,0,0,0,3,0,0,3,0.545,
I50_2022_2,I50,28-Apr,2022,2,MALFAS,0,0,0,0,0,0,0,0,0,0,0,0,
I50_2022_2,I50,28-Apr,2022,2,ERICAL,0,0,0,0,0,2,0,0,0,0,2,0.364,
I50_2022_2,I50,28-Apr,2022,2,EROBOT,0,0,0,0,0,0,0,0,0,0,0,0,
I50_2022_2,I50,28-Apr,2022,2,CLAPUR,0,0,6,0,0,0,0,0,0,0,6,1.091,
I50_2022_3,I50,18-May,2022,3,ACMGLA,250,660,600,900,1000,378,1100,1331,1000,1620,8839,1607.091,
I50_2022_3,I50,18-May,2022,3,EROCIC,1,0,0,0,0,0,0,0,3,0,4,0.727,
I50_2022_3,I50,18-May,2022,3,BRANIG,18,0,55,0,0,0,0,9,0,0,82,14.909,
I50_2022_3,I50,18-May,2022,3,MALFAS,0,0,15,0,5,9,0,0,0,0,29,5.273,
I50_2022_3,I50,18-May,2022,3,CALSPL,1,0,0,0,0,0,0,0,0,0,1,0.182,
I50_2022_3,I50,18-May,2022,3,DEIFAS,0,1,3,0,0,1,0,0,0,0,5,0.909,
I50_2022_3,I50,18-May,2022,3,SALAPI,0,0,0,0,0,0,0,0,0,0,0,0,
I50_2022_3,I50,18-May,2022,3,ERIFAS,0,0,0,0,0,0,0,0,0,0,0,0,
I50_2022_3,I50,18-May,2022,3,CLAPUR,0,0,0,0,0,0,0,0,0,0,0,0,
I50_2022_3,I50,18-May,2022,3,ERIFOL,0,0,0,0,0,0,0,0,0,0,0,0,
IRC01_2021_1,IRC01,22-Mar,2021,1,DICCAP,1,0,0,0,0,0,0,0,0,0,1,0.182,0
IRC01_2021_1,IRC01,22-Mar,2021,1,CLAPAR,0,0,2,2,3,0,0,0,0,0,7,1.273,0
IRC01_2021_1,IRC01,22-Mar,2021,1,EROCIC,0,0,0,0,0,0,0,0,0,0,0,0,0
IRC01_2021_2,IRC01,6-Apr,2021,2,EROCIC,13,11,33,5,13,14,0,14,0,3,106,19.273,0
IRC01_2021_2,IRC01,6-Apr,2021,2,EUCCHR,29,20,53,59,19,68,0,7,0,0,255,46.364,0
IRC01_2021_2,IRC01,6-Apr,2021,2,DICCAP,1,0,0,0,0,0,0,0,0,0,1,0.182,0
IRC01_2021_2,IRC01,6-Apr,2021,2,CLAPAR,0,0,0,6,14,0,0,0,0,0,20,3.636,0
IRC01_2021_3,IRC01,29-Apr,2021,3,EUCCHR,123,4,0,6,30,98,10,0,10,12,293,53.273,0
IRC01_2021_3,IRC01,29-Apr,2021,3,EROCIC,0,0,0,6,2,7,4,7,0,3,29,5.273,0
IRC01_2021_3,IRC01,29-Apr,2021,3,CALCAT,0,0,0,0,0,0,0,0,0,1,1,0.182,0
IRC01_2021_3,IRC01,29-Apr,2021,3,ANAARV,13,0,0,0,0,0,0,2,5,0,20,3.636,0
IRC01_2021_3,IRC01,29-Apr,2021,3,DICCAP,8,4,0,2,0,0,0,0,0,0,14,2.545,0
IRC01_2021_3,IRC01,29-Apr,2021,3,BRANIG,0,0,0,0,0,0,0,0,0,0,0,0,0
IRC01_2021_3,IRC01,29-Apr,2021,3,SOLXAN,0,0,0,0,2,0,0,0,0,0,2,0.364,0
IRC01_2021_3,IRC01,29-Apr,2021,3,SILGAL,0,0,2,2,0,0,0,0,0,0,4,0.727,0
IRC01_2022_1,IRC01,18-Mar,2022,1,EROCIC,0,9,12,7,3,26,0,39,0,7,103,18.727,
IRC01_2022_1,IRC01,18-Mar,2022,1,EUCCHR,22,21,3,10,1,44,0,17,2,0,120,21.818,
IRC01_2022_1,IRC01,18-Mar,2022,1,DICCAP,8,2,0,0,2,4,0,0,0,0,16,2.909,
IRC01_2022_1,IRC01,18-Mar,2022,1,CASEXS,0,0,0,0,0,0,0,0,0,0,0,0,
IRC01_2022_1,IRC01,18-Mar,2022,1,SOLXAN,0,0,0,0,0,34,0,0,0,0,34,6.182,
IRC01_2022_1,IRC01,18-Mar,2022,1,CALCIL,1,6,0,0,0,0,0,0,0,0,7,1.273,
IRC01_2022_2,IRC01,7-Apr,2022,2,EROCIC,52,7,21,9,0,30,3,26,9,0,157,28.545,
IRC01_2022_2,IRC01,7-Apr,2022,2,EUCCHR,17,0,0,0,0,32,7,5,4,2,67,12.182,
IRC01_2022_2,IRC01,7-Apr,2022,2,DICCAP,1,3,3,1,1,0,0,0,3,0,12,2.182,
IRC01_2022_2,IRC01,7-Apr,2022,2,SALMEL,17,0,0,0,0,0,0,0,0,0,17,3.091,
IRC01_2022_2,IRC01,7-Apr,2022,2,SONOLE,1,0,0,0,0,0,0,0,0,0,1,0.182,
IRC01_2022_2,IRC01,7-Apr,2022,2,MICLIN,0,1,5,0,0,0,0,0,0,0,6,1.091,
IRC01_2022_2,IRC01,7-Apr,2022,2,CALCIL,0,0,0,0,0,0,0,0,0,0,0,0,
IRC01_2022_2,IRC01,7-Apr,2022,2,SOLXAN,0,0,0,0,1,0,0,0,0,0,1,0.182,
IRC01_2022_2,IRC01,7-Apr,2022,2,CALCAT,0,0,0,0,0,0,0,0,0,0,0,0,
IRC01_2022_2,IRC01,7-Apr,2022,2,ANAARV,0,0,0,0,0,0,0,0,0,0,0,0,
IRC01_2022_2,IRC01,7-Apr,2022,2,CALMAC,0,0,0,0,0,0,0,0,0,0,0,0,
IRC01_2022_3,IRC01,29-Apr,2022,3,SALMEL,55,19,0,0,0,0,0,0,0,0,74,13.455,
IRC01_2022_3,IRC01,29-Apr,2022,3,SOLXAN,0,0,0,5,5,0,0,0,0,0,10,1.818,
IRC01_2022_3,IRC01,29-Apr,2022,3,BLOCRO,0,0,3,0,4,12,0,3,2,0,24,4.364,
IRC01_2022_3,IRC01,29-Apr,2022,3,EROCIC,5,1,3,0,0,2,0,0,2,0,13,2.364,
IRC01_2022_3,IRC01,29-Apr,2022,3,CALMAC,0,0,0,0,0,2,0,1,2,0,5,0.909,
IRC01_2022_3,IRC01,29-Apr,2022,3,Castilleja,0,0,0,0,0,0,0,0,0,0,0,0,
IRC01_2022_3,IRC01,29-Apr,2022,3,ERICON,0,0,0,0,0,0,0,0,0,0,0,0,
IRC01_2022_3,IRC01,29-Apr,2022,3,KECANT,0,0,0,0,0,0,0,0,0,0,0,0,
IRC01_2022_3,IRC01,29-Apr,2022,3,EUCCHR,2,0,0,0,0,0,0,0,5,0,7,1.273,
IRC01_2022_3,IRC01,29-Apr,2022,3,ANAARV,0,0,0,0,0,1,0,2,1,0,4,0.727,
IRC01_2022_3,IRC01,29-Apr,2022,3,SILGAL,0,0,0,0,0,0,0,0,0,0,0,0,
IRC01_2022_3,IRC01,29-Apr,2022,3,DICCAP,1,0,0,0,0,0,0,0,0,0,1,0.182,
IRC01_2022_3,IRC01,29-Apr,2022,3,BRANIG,0,0,0,0,0,0,0,0,0,0,0,0,
IRC08_2021_1,IRC08,2-Apr,2021,1,EROCIC,0,4,15,0,0,19,0,0,38,34,110,20,0
IRC08_2021_1,IRC08,2-Apr,2021,1,MIRLAE,0,0,0,1,0,0,0,0,0,0,1,0.182,0
IRC08_2021_1,IRC08,2-Apr,2021,1,EUCCHR,11,3,3,9,0,150,6,10,70,17,279,50.727,0
IRC08_2021_1,IRC08,2-Apr,2021,1,MEDPOL,2,0,1,0,0,1,3,2,0,0,9,1.636,0
IRC08_2021_1,IRC08,2-Apr,2021,1,CAMMIC,0,2,0,0,0,0,0,0,0,0,2,0.364,0
IRC08_2021_2,IRC08,26-Apr,2021,2,EROCIC,0,5,13,1,4,14,0,2,5,27,71,12.909,0
IRC08_2021_2,IRC08,26-Apr,2021,2,EUCCHR,22,9,40,6,1,10,34,42,0,7,171,31.091,0
IRC08_2021_2,IRC08,26-Apr,2021,2,CALMAC,0,0,0,0,0,0,0,0,0,0,0,0,0
IRC08_2021_2,IRC08,26-Apr,2021,2,BRANIG,0,0,0,0,0,97,0,13,27,0,137,24.909,0
IRC08_2021_2,IRC08,26-Apr,2021,2,MEDPOL,0,0,0,0,0,0,0,0,0,0,0,0,0
IRC08_2021_2,IRC08,26-Apr,2021,2,PHAPAR,0,0,3,2,8,4,0,0,0,0,17,3.091,0
IRC08_2021_2,IRC08,26-Apr,2021,2,PHACIC,0,0,0,0,0,2,0,0,0,0,2,0.364,0
IRC08_2021_2,IRC08,26-Apr,2021,2,MIRLAE,0,0,0,10,0,0,0,0,0,0,10,1.818,0
IRC08_2021_2,IRC08,26-Apr,2021,2,SONOLE,0,0,0,0,0,0,0,0,0,0,0,0,0
IRC08_2021_2,IRC08,26-Apr,2021,2,MED,0,0,0,0,0,0,0,0,0,0,0,0,0
IRC08_2021_2,IRC08,26-Apr,2021,2,CAMMIC,0,2,0,0,0,0,0,0,0,0,2,0.364,0
IRC08_2021_2,IRC08,26-Apr,2021,2,CALSPL,0,0,0,0,0,0,0,0,0,0,0,0,0
IRC08_2021_2,IRC08,26-Apr,2021,2,SALCOL,0,0,0,0,0,0,0,0,0,0,0,0,0
IRC08_2021_2,IRC08,26-Apr,2021,2,EMMPEN,0,0,0,0,0,0,0,0,0,0,0,0,0
IRC08_2021_3,IRC08,13-May,2021,3,BRANIG,10,0,0,0,0,39,0,0,42,0,91,16.545,0
IRC08_2021_3,IRC08,13-May,2021,3,EROCIC,3,0,10,0,0,12,1,3,6,6,41,7.455,11
IRC08_2021_3,IRC08,13-May,2021,3,PHAPAR,0,0,1,0,1,0,0,0,0,0,2,0.364,0
IRC08_2021_3,IRC08,13-May,2021,3,PHACIC,0,0,0,0,0,0,0,0,0,0,0,0,18
IRC08_2021_3,IRC08,13-May,2021,3,CALMAC,0,0,0,0,0,0,0,0,0,0,0,0,0
IRC08_2021_3,IRC08,13-May,2021,3,OSMTEN,0,0,0,0,0,0,0,0,0,0,0,0,0
IRC08_2021_3,IRC08,13-May,2021,3,RAFCAL,0,0,0,0,1,0,0,0,0,0,1,0.182,0
IRC08_2021_3,IRC08,13-May,2021,3,EMMPEN,0,0,0,0,0,0,0,1,0,0,1,0.182,0
IRC08_2022_1,IRC08,1-Apr,2022,1,BRANIG,2,0,0,0,0,45,4,0,14,0,65,11.818,
IRC08_2022_1,IRC08,1-Apr,2022,1,EROCIC,3,2,8,0,0,4,10,4,6,15,52,9.455,
IRC08_2022_1,IRC08,1-Apr,2022,1,CALMAC,0,0,2,3,1,1,5,1,2,0,15,2.727,
IRC08_2022_1,IRC08,1-Apr,2022,1,MIRLAE,0,0,0,7,0,0,0,0,0,0,7,1.273,
IRC08_2022_1,IRC08,1-Apr,2022,1,SALMEL,0,0,0,0,6,0,0,13,0,9,28,5.091,
IRC08_2022_1,IRC08,1-Apr,2022,1,PHAPAR,0,0,0,0,0,0,0,0,0,0,0,0,
IRC08_2022_1,IRC08,1-Apr,2022,1,EUCCHR,0,0,0,0,0,0,0,0,0,0,0,0,
IRC08_2022_1,IRC08,1-Apr,2022,1,PHACIC,0,0,0,0,0,0,0,0,0,0,0,0,
IRC08_2022_2,IRC08,25-Apr,2022,2,BRANIG,102,0,0,0,0,90,2,2,18,43,257,46.727,
IRC08_2022_2,IRC08,25-Apr,2022,2,EROCIC,4,3,9,0,0,2,3,2,3,20,46,8.364,
IRC08_2022_2,IRC08,25-Apr,2022,2,SALMEL,0,129,40,20,65,60,0,134,0,89,537,97.636,
IRC08_2022_2,IRC08,25-Apr,2022,2,CALMAC,0,0,1,2,2,2,0,0,0,1,8,1.455,
IRC08_2022_2,IRC08,25-Apr,2022,2,MELIND,0,0,0,3,0,0,0,0,0,0,3,0.545,
IRC08_2022_2,IRC08,25-Apr,2022,2,PHAPAR,0,0,0,0,0,0,0,0,0,0,0,0,
IRC08_2022_2,IRC08,25-Apr,2022,2,PHACIC,0,0,0,0,0,0,0,0,0,0,0,0,
IRC08_2022_3,IRC08,20-May,2022,3,BRANIG,20,3,5,0,8,18,0,0,5,14,73,13.273,
IRC08_2022_3,IRC08,20-May,2022,3,ACMGLA,9,0,19,0,0,1,0,0,177,11,217,39.455,
IRC08_2022_3,IRC08,20-May,2022,3,SALMEL,0,25,10,85,15,4,0,2,0,53,194,35.273,
IRC08_2022_3,IRC08,20-May,2022,3,PSECAL,0,0,0,0,10,0,0,0,0,0,10,1.818,
IRC08_2022_3,IRC08,20-May,2022,3,CALMAC,0,0,0,0,0,0,0,0,2,0,2,0.364,
IRC08_2022_3,IRC08,20-May,2022,3,EROCIC,0,0,0,0,0,0,0,0,0,2,2,0.364,
IRC08_2022_3,IRC08,20-May,2022,3,DEIFAS,0,0,0,0,0,0,0,0,1,0,1,0.182,
IRC13_2021_1,IRC13,19-Mar,2021,1,ACMGLA,0,0,0,0,0,0,0,4,11,6,21,3.818,0
IRC13_2021_1,IRC13,19-Mar,2021,1,EROCIC,0,1,1,0,0,0,4,1,1,4,12,2.182,0
IRC13_2021_1,IRC13,19-Mar,2021,1,PHAPAR,0,0,3,9,5,8,1,0,3,0,29,5.273,0
IRC13_2021_1,IRC13,19-Mar,2021,1,CRYMUR,0,0,7,36,1,3,0,0,0,0,47,8.545,0
IRC13_2022_1,IRC13,31-Mar,2022,1,ACMMAR,20,5,3,2,0,0,0,10,7,2,49,8.909,
IRC13_2022_1,IRC13,31-Mar,2022,1,EROCIC,16,7,24,25,2,10,16,11,15,11,137,24.909,
IRC13_2022_1,IRC13,31-Mar,2022,1,BRANIG,0,0,0,0,0,0,0,0,0,0,0,0,
IRC13_2022_1,IRC13,31-Mar,2022,1,CRYMUR,5,2,0,95,3,8,16,29,36,35,229,41.636,
IRC13_2022_1,IRC13,31-Mar,2022,1,CAMCAL,0,0,0,0,0,0,0,0,0,0,0,0,
IRC13_2022_1,IRC13,31-Mar,2022,1,ENCFAR,0,0,0,0,15,4,0,0,0,0,19,3.455,
IRC13_2022_1,IRC13,31-Mar,2022,1,CHAGLA,0,0,0,0,0,0,1,0,3,1,5,0.909,
IRC13_2022_1,IRC13,31-Mar,2022,1,ENCCAL,0,0,0,0,0,0,0,0,0,0,0,0,
IRC13_2022_1,IRC13,31-Mar,2022,1,PHAPAR,0,0,0,0,0,0,0,0,0,0,0,0,
IRC13_2022_1,IRC13,31-Mar,2022,1,LUPTRU,0,0,0,0,0,0,0,0,0,0,0,0,
IRC13_2022_2,IRC13,25-Apr,2022,2,ACMGLA,86,81,0,0,0,27,0,0,0,4,198,36,
IRC13_2022_2,IRC13,25-Apr,2022,2,ACMMAR,13,17,34,0,8,0,5,4,5,10,96,17.455,
IRC13_2022_2,IRC13,25-Apr,2022,2,EROCIC,4,1,9,2,0,3,1,0,0,2,22,4,
IRC13_2022_2,IRC13,25-Apr,2022,2,CRYMUR,9,20,4,40,27,6,24,28,28,47,233,42.364,
IRC13_2022_2,IRC13,25-Apr,2022,2,PHAPAR,0,0,0,0,0,0,0,0,0,0,0,0,
IRC13_2022_2,IRC13,25-Apr,2022,2,ENCFAR,0,0,0,0,7,1,0,0,0,0,8,1.455,
IRC13_2022_2,IRC13,25-Apr,2022,2,BRANIG,2,0,4,416,0,0,0,0,0,0,422,76.727,
IRC13_2022_2,IRC13,25-Apr,2022,2,CAMCAL,0,2,0,3,0,0,1,0,1,1,8,1.455,
IRC13_2022_2,IRC13,25-Apr,2022,2,LUPTRU,0,0,0,0,0,1,0,0,0,0,1,0.182,
IRC23_2021_1,IRC23,18-Mar,2021,1,EROCIC,0,0,1,0,0,0,0,0,0,0,1,0.182,0
IRC23_2021_1,IRC23,18-Mar,2021,1,CRYMUR,0,0,0,0,1,0,0,0,0,0,1,0.182,0
IRC23_2021_1,IRC23,18-Mar,2021,1,BRATOU,0,0,0,1,0,0,0,0,0,0,1,0.182,0
IRC23_2021_1,IRC23,18-Mar,2021,1,DICCAP,0,0,0,4,0,0,0,0,0,0,4,0.727,0
IRC23_2021_1,IRC23,18-Mar,2021,1,MARMAC,0,0,0,0,6,0,0,2,0,0,8,1.455,0
IRC23_2021_1,IRC23,18-Mar,2021,1,ESCCAL,0,0,0,0,0,129,0,0,0,0,129,23.455,0
IRC23_2021_2,IRC23,5-Apr,2021,2,PHAPAR,0,22,17,64,15,0,0,0,0,0,118,21.455,0
IRC23_2021_2,IRC23,5-Apr,2021,2,EROCIC,0,3,48,13,17,0,14,23,27,0,145,26.364,2
IRC23_2021_2,IRC23,5-Apr,2021,2,MEDPOL,0,1,0,0,0,0,0,0,0,0,1,0.182,0
IRC23_2021_2,IRC23,5-Apr,2021,2,MIRLAE,0,0,2,0,22,0,4,0,0,0,28,5.091,0
IRC23_2021_2,IRC23,5-Apr,2021,2,CRYMUR,0,0,0,110,0,0,68,1,0,0,179,32.545,0
IRC23_2021_2,IRC23,5-Apr,2021,2,BRATOU,0,0,0,3,0,0,0,0,0,0,3,0.545,0
IRC23_2021_2,IRC23,5-Apr,2021,2,DICCAP,0,0,0,0,8,0,3,5,1,0,17,3.091,0
IRC23_2021_2,IRC23,5-Apr,2021,2,CALMAC,0,0,0,0,0,0,1,0,0,0,1,0.182,0
IRC23_2021_2,IRC23,5-Apr,2021,2,SONOLE,0,0,0,0,0,0,1,0,0,0,1,0.182,0
IRC23_2021_2,IRC23,5-Apr,2021,2,CAMMIC,0,0,0,0,0,0,0,3,0,0,3,0.545,0
IRC23_2021_2,IRC23,5-Apr,2021,2,GILANG,0,0,0,0,0,0,0,0,0,0,0,0,0
IRC23_2021_2,IRC23,5-Apr,2021,2,LUPBIC,0,0,0,0,0,0,0,0,0,0,0,0,0
IRC23_2021_3,IRC23,30-Apr,2021,3,CALMAC,0,0,0,0,0,0,0,0,0,1,1,0.182,0
IRC23_2021_3,IRC23,30-Apr,2021,3,EROCIC,0,0,0,0,0,5,0,1,0,8,9,1.636,0
IRC23_2021_3,IRC23,30-Apr,2021,3,ENCCAL,0,0,0,0,0,0,0,26,0,2,28,5.091,0
IRC23_2021_3,IRC23,30-Apr,2021,3,PHAPAR,0,0,0,0,0,0,0,0,0,0,0,0,0
IRC23_2021_3,IRC23,30-Apr,2021,3,BRANIG,0,0,0,0,0,10,0,0,0,0,0,0,0
IRC23_2021_3,IRC23,30-Apr,2021,3,CRYMUR,0,0,0,0,0,8,0,0,0,0,0,0,0
IRC23_2021_3,IRC23,30-Apr,2021,3,CALCAT,0,0,0,0,0,0,0,0,0,0,0,0,0
IRC23_2021_3,IRC23,30-Apr,2021,3,CALSPL,0,0,0,0,0,0,0,0,0,0,0,0,0
IRC23_2021_3,IRC23,30-Apr,2021,3,MIRLAE,0,0,0,0,0,0,0,0,0,0,0,0,0
IRC23_2021_3,IRC23,30-Apr,2021,3,ESCCAL,0,0,0,0,0,0,0,0,0,0,0,0,0
IRC23_2022_1,IRC23,23-Mar,2022,1,EROCIC,0,0,17,10,6,4,5,11,7,2,62,11.273,
IRC23_2022_1,IRC23,23-Mar,2022,1,CALMAC,2,0,0,0,0,0,2,2,1,1,8,1.455,
IRC23_2022_1,IRC23,23-Mar,2022,1,CRYMUR,0,0,0,77,0,0,29,28,7,0,141,25.636,
IRC23_2022_1,IRC23,23-Mar,2022,1,LUPBIC,0,0,0,0,0,0,0,0,5,0,5,0.909,
IRC23_2022_1,IRC23,23-Mar,2022,1,DICCAP,0,0,0,3,2,0,4,0,0,0,9,1.636,
IRC23_2022_1,IRC23,23-Mar,2022,1,PHAPAR,0,0,0,1,5,2,0,0,0,0,8,1.455,
IRC23_2022_1,IRC23,23-Mar,2022,1,ENCCAL,0,0,0,8,10,3,0,0,0,0,21,3.818,
IRC23_2022_1,IRC23,23-Mar,2022,1,BRANIG,0,0,0,0,0,0,0,0,0,0,0,0,
IRC23_2022_1,IRC23,23-Mar,2022,1,MIRLAE,0,0,0,0,0,0,0,0,0,0,0,0,
IRC23_2022_2,IRC23,15-Apr,2022,2,CALMAC,8,3,6,3,1,2,6,8,12,11,60,10.909,
IRC23_2022_2,IRC23,15-Apr,2022,2,CRYMUR,0,2,0,36,0,2,4,16,4,0,64,11.636,
IRC23_2022_2,IRC23,15-Apr,2022,2,ACMGLA,0,0,0,0,0,0,0,0,0,0,0,0,
IRC23_2022_2,IRC23,15-Apr,2022,2,EROCIC,0,0,7,1,1,1,0,1,3,0,14,2.545,
IRC23_2022_2,IRC23,15-Apr,2022,2,ENCCAL,0,0,0,0,0,0,0,0,0,0,0,0,
IRC23_2022_2,IRC23,15-Apr,2022,2,PHAPAR,2,0,13,7,18,7,0,0,0,0,47,8.545,
IRC23_2022_2,IRC23,15-Apr,2022,2,SALMEL,21,0,0,0,0,0,0,0,0,0,21,3.818,
IRC23_2022_3,IRC23,2-May,2022,3,SALMEL,7,0,0,0,0,0,0,0,0,0,7,1.273,
IRC23_2022_3,IRC23,2-May,2022,3,SALMAC,4,0,1,0,0,0,0,4,5,7,21,3.818,
IRC23_2022_3,IRC23,2-May,2022,3,EROCIC,3,0,33,3,4,0,3,2,3,0,51,9.273,
IRC23_2022_3,IRC23,2-May,2022,3,PHAPAR,6,0,2,0,0,0,0,0,0,0,8,1.455,
IRC23_2022_3,IRC23,2-May,2022,3,CRYMUR,0,0,0,22,0,0,0,0,0,0,22,4,
IRC23_2022_3,IRC23,2-May,2022,3,BRANIG,0,0,0,0,4,0,0,0,0,0,4,0.727,
IRC23_2022_3,IRC23,2-May,2022,3,ACMGLA,0,0,0,0,0,0,0,0,3,0,3,0.545,
IRC23_2022_3,IRC23,2-May,2022,3,CALSPL,0,0,0,0,0,0,0,0,0,0,0,0,
IRC23_2022_3,IRC23,2-May,2022,3,ENCCAL,0,0,0,1,0,0,0,0,0,0,1,0.182,
IRC23_2022_3,IRC23,2-May,2022,3,CENMEL,0,0,0,0,0,2,0,0,0,0,2,0.364,
IRC23_2022_3,IRC23,2-May,2022,3,MALSAX,0,0,0,0,0,0,0,0,0,0,0,0,
IRC23_2022_3,IRC23,2-May,2022,3,DEIFAS,0,0,0,0,0,0,0,0,0,0,0,0,
IRC23_2022_3,IRC23,20-May,2022,3,BRANIG,3,0,2,58,0,0,0,0,0,0,63,11.455,
IRC23_2022_3,IRC23,20-May,2022,3,ACMMAR,88,12,0,0,0,4,0,0,18,44,166,30.182,
IRC23_2022_3,IRC23,20-May,2022,3,EROCIC,0,0,7,0,0,0,0,0,0,0,7,1.273,
IRC23_2022_3,IRC23,20-May,2022,3,ENCCAL,0,0,0,0,5,0,0,0,0,0,5,0.909,
IRC23_2022_3,IRC23,20-May,2022,3,HESWHI,0,0,0,0,0,0,0,8,0,0,8,1.455,
IRC23_2022_3,IRC23,20-May,2022,3,MALFAS,0,0,0,0,0,0,0,0,0,10,10,1.818,
IRC23_2022_3,IRC23,20-May,2022,3,ERIFAS,0,0,0,0,0,0,0,0,0,0,0,0,
SS03_2021_1,SS03,30-Mar,2021,1,EROCIC,6,3,0,0,4,1,0,0,2,3,19,3.455,0
SS03_2021_1,SS03,30-Mar,2021,1,EROBRA,1,0,0,3,0,0,0,0,0,0,4,0.727,0
SS03_2021_1,SS03,30-Mar,2021,1,GILANG,3,0,0,0,4,0,0,0,0,0,7,1.273,0
SS03_2021_1,SS03,30-Mar,2021,1,DICCAP,0,0,2,2,0,0,0,0,0,0,4,0.727,0
SS03_2021_2,SS03,20-Apr,2021,2,EMMPEN,2,0,0,0,0,0,0,0,0,0,2,0.364,0
SS03_2021_2,SS03,20-Apr,2021,2,GILANG,17,4,14,14,0,49,0,0,0,0,98,17.818,0
SS03_2021_2,SS03,20-Apr,2021,2,EROBRA,4,4,66,10,8,5,0,0,0,4,101,18.364,0
SS03_2021_2,SS03,20-Apr,2021,2,CRYMUR,0,0,3,0,3,0,0,0,0,0,6,1.091,0
SS03_2021_2,SS03,20-Apr,2021,2,CALCIL,0,0,0,0,2,0,0,0,0,4,6,1.091,0
SS03_2021_2,SS03,20-Apr,2021,2,DICCAP,0,0,0,0,0,0,0,0,0,3,3,0.545,0
SS03_2021_2,SS03,20-Apr,2021,2,AMSMEN,0,0,0,0,0,0,0,0,0,7,7,1.273,0
SS03_2021_2,SS03,20-Apr,2021,2,EROCIC,0,0,0,0,0,0,0,0,0,1,1,0.182,0
SS03_2021_3,SS03,7-May,2021,3,EROBOT,9,9,15,11,4,4,0,0,2,6,60,10.909,0
SS03_2021_3,SS03,7-May,2021,3,OSMTEN,0,0,0,0,0,0,0,0,0,5,5,0.909,0
SS03_2021_3,SS03,7-May,2021,3,BRANIG,0,24,0,0,0,0,0,0,0,0,24,4.364,0
SS03_2021_3,SS03,7-May,2021,3,CALSPL,0,0,0,0,0,0,0,0,0,0,0,0,0
SS03_2021_3,SS03,7-May,2021,3,EROCIC,0,0,0,0,0,0,13,19,0,0,32,5.818,0
SS03_2021_3,SS03,7-May,2021,3,CALMAC,0,0,0,0,0,0,0,1,0,0,1,0.182,0
SS03_2021_3,SS03,7-May,2021,3,CRYMUR,0,0,0,0,83,0,0,0,0,0,83,15.091,0
SS03_2021_3,SS03,7-May,2021,3,EMMPEN,0,0,0,0,0,0,0,0,0,0,0,0,0
SS03_2021_3,SS03,7-May,2021,3,DICCAP,0,0,0,0,0,0,0,0,0,0,0,0,0
SS03_2022_1,SS03,16-Mar,2022,1,EROBOT,4,1,0,6,12,9,0,0,1,5,38,6.909,
SS03_2022_1,SS03,16-Mar,2022,1,EROCIC,2,3,0,0,0,0,0,0,1,0,6,1.091,
SS03_2022_1,SS03,16-Mar,2022,1,DICCAP,0,4,0,3,0,0,0,0,4,1,12,2.182,
SS03_2022_1,SS03,16-Mar,2022,1,CRYMUR,0,1,0,32,1,2,0,0,0,0,36,6.545,
SS03_2022_1,SS03,16-Mar,2022,1,GILANG,0,0,0,5,0,0,0,0,0,0,5,0.909,
SS03_2022_1,SS03,16-Mar,2022,1,CALCIL,0,0,0,1,0,0,0,0,0,0,1,0.182,
SS03_2022_1,SS03,16-Mar,2022,1,CALMAC,0,0,0,0,0,1,0,0,0,0,1,0.182,
SS03_2022_2,SS03,11-Apr,2022,2,CALMAC,8,4,0,2,6,1,6,6,26,5,64,11.636,
SS03_2022_2,SS03,11-Apr,2022,2,EROBOT,24,8,48,26,22,25,1,0,3,32,189,34.364,
SS03_2022_2,SS03,11-Apr,2022,2,CRYMUR,0,0,3,0,3,4,0,0,0,0,10,1.818,
SS03_2022_2,SS03,11-Apr,2022,2,EROCIC,0,0,1,0,0,0,0,0,0,0,1,0.182,
SS03_2022_2,SS03,11-Apr,2022,2,DICCAP,0,0,0,0,0,0,0,0,0,0,0,0,
SS03_2022_2,SS03,11-Apr,2022,2,BRANIG,0,0,0,0,0,0,0,0,0,0,0,0,
SS03_2022_2,SS03,11-Apr,2022,2,SALMEL,0,0,0,0,0,0,0,0,0,0,0,0,
SS03_2022_2,SS03,11-Apr,2022,2,unknown white,0,0,0,0,0,0,0,0,0,1,1,0.182,
SS03_2022_3,SS03,9-May,2022,3,CALMAC,7,2,1,1,5,3,20,7,23,6,75,13.636,8
SS03_2022_3,SS03,9-May,2022,3,EROBOT,1,2,9,10,3,2,0,0,0,2,29,5.273,1
SS03_2022_3,SS03,9-May,2022,3,ACMGLA,0,0,0,0,0,0,0,0,0,3,3,0.545,
SS03_2022_3,SS03,9-May,2022,3,BRANIG,0,0,0,0,103,121,47,9,23,0,303,55.091,
SS03_2022_3,SS03,9-May,2022,3,EROCIC,0,0,0,0,0,0,0,0,0,0,0,0,
SS03_2022_3,SS03,9-May,2022,3,PSECAL,0,0,0,0,0,0,0,0,0,0,0,0,
SS03_2022_3,SS03,9-May,2022,3,DICCAP,0,0,0,0,0,0,0,0,0,0,0,0,
SS03_2022_3,SS03,9-May,2022,3,SALMEL,0,0,0,0,0,0,0,0,0,0,0,0,7
SS03_2022_3,SS03,9-May,2022,3,OSMTEN,0,0,0,0,0,0,0,0,4,6,10,1.818,1
SS03_2022_3,SS03,9-May,2022,3,BLOCRO,0,0,0,0,0,0,0,0,0,0,0,0,
SS03_2022_3,SS03,9-May,2022,3,SALAPI,0,0,0,0,0,0,0,0,0,0,0,0,
SS03_2022_3,SS03,9-May,2022,3,CALSPL,0,0,0,0,0,0,0,0,0,0,0,0,2
SS04_2021_1,SS04,30-Mar,2021,1,EROCIC,0,0,0,6,0,0,0,0,0,0,6,1.091,0
SS04_2021_1,SS04,30-Mar,2021,1,CRYMUR,0,0,0,0,0,0,0,0,0,12,12,2.182,0
SS04_2021_2,SS04,20-Apr,2021,2,SALMEL,0,0,0,0,0,0,0,0,0,24,24,4.364,0
SS04_2021_2,SS04,20-Apr,2021,2,CRYMUR,0,0,0,0,0,0,0,2,0,0,2,0.364,0
SS04_2021_2,SS04,20-Apr,2021,2,EROCIC,12,0,0,9,1,0,3,0,0,0,25,4.545,0
SS04_2021_2,SS04,20-Apr,2021,2,LUPBIC,3,0,0,5,18,0,0,0,0,0,26,4.727,0
SS04_2021_2,SS04,20-Apr,2021,2,EUCCHR,33,0,0,70,0,0,0,0,0,0,103,18.727,0
SS04_2021_2,SS04,20-Apr,2021,2,BRANIG,0,3,10,0,0,0,0,0,0,0,3,0.545,0
SS04_2021_2,SS04,20-Apr,2021,2,GILANG,0,53,0,0,0,0,0,0,0,0,53,9.636,0
SS04_2021_2,SS04,20-Apr,2021,2,EMMPEN,1,0,0,0,0,0,0,0,0,0,1,0.182,0
SS04_2021_2,SS04,20-Apr,2021,2,DICCAP,8,0,0,0,0,0,0,0,0,0,8,1.455,0
SS04_2021_2,SS04,20-Apr,2021,2,EROBRA,1,0,0,0,0,0,0,0,0,0,1,0.182,0
SS04_2021_2,SS04,20-Apr,2021,2,PHAPAR,0,0,0,0,0,0,0,0,0,0,0,0,0
SS04_2021_2,SS04,20-Apr,2021,2,ANAARV,0,0,0,0,0,0,0,0,0,0,0,0,0
SS04_2021_2,SS04,20-Apr,2021,2,AMSMEN,0,0,0,0,0,0,0,0,0,0,0,0,0
SS04_2021_3,SS04,7-May,2021,3,CALMAC,1,0,0,0,0,0,0,0,0,0,1,0.182,0
SS04_2021_3,SS04,7-May,2021,3,DICCAP,3,0,0,0,0,0,0,0,0,0,3,0.545,0
SS04_2021_3,SS04,7-May,2021,3,EMMPEN,14,8,69,28,0,0,0,0,0,0,119,21.636,0
SS04_2021_3,SS04,7-May,2021,3,EROBRA,0,0,0,0,0,0,0,0,0,0,0,0,0
SS04_2021_3,SS04,7-May,2021,3,GILANG,0,2,6,0,0,0,0,0,0,0,8,1.455,0
SS04_2021_3,SS04,7-May,2021,3,ANAARV,0,4,4,0,0,0,0,0,0,0,8,1.455,0
SS04_2021_3,SS04,7-May,2021,3,BRANIG,0,240,23,270,0,38,0,0,0,0,571,103.818,24
SS04_2021_3,SS04,7-May,2021,3,PHAPAR,0,0,0,0,0,0,0,0,0,0,0,0,0
SS04_2021_3,SS04,7-May,2021,3,EROCIC,0,0,2,0,0,2,0,0,0,0,4,0.727,0
SS04_2021_3,SS04,7-May,2021,3,CALSPL,0,0,0,0,0,0,0,0,0,0,0,0,0
SS04_2021_3,SS04,7-May,2021,3,CRYMUR,0,0,0,0,0,0,0,0,0,0,0,0,0
SS04_2021_3,SS04,7-May,2021,3,SALMEL,0,0,0,0,0,0,0,0,0,11,11,2,0
SS04_2021_3,SS04,7-May,2021,3,ACMGLA,0,0,0,0,0,0,0,0,0,0,0,0,0
SS04_2022_1,SS04,16-Mar,2022,1,SALMEL,0,0,0,0,0,0,0,0,0,2,2,0.364,
SS04_2022_1,SS04,16-Mar,2022,1,EROCIC,0,13,39,33,15,17,10,8,3,0,138,25.091,
SS04_2022_1,SS04,16-Mar,2022,1,LUPBIC,0,7,6,0,21,6,6,0,8,0,54,9.818,
SS04_2022_1,SS04,16-Mar,2022,1,CRYMUR,0,0,0,0,5,15,11,23,2,0,56,10.182,
SS04_2022_1,SS04,16-Mar,2022,1,CALMAC,0,0,0,0,0,1,0,13,2,0,16,2.909,
SS04_2022_1,SS04,16-Mar,2022,1,LUPSUC,0,0,0,0,0,0,0,0,0,0,0,0,
SS04_2022_1,SS04,16-Mar,2022,1,DICCAP,4,1,2,2,0,2,0,0,0,0,11,2,
SS04_2022_1,SS04,16-Mar,2022,1,EUCCHR,0,0,6,2,0,0,0,0,0,0,8,1.455,
SS04_2022_1,SS04,16-Mar,2022,1,EMMPEN,0,0,3,2,0,0,0,0,0,0,5,0.909,
SS04_2022_1,SS04,16-Mar,2022,1,EROMOS,0,8,0,4,0,0,0,0,0,0,12,2.182,
SS04_2022_1,SS04,16-Mar,2022,1,EROBOT,11,0,1,1,0,0,0,0,0,0,13,2.364,
SS04_2022_1,SS04,16-Mar,2022,1,SONOLE,0,0,0,1,0,0,0,0,0,0,1,0.182,
SS04_2022_1,SS04,16-Mar,2022,1,GILANG,0,16,0,0,0,0,0,0,0,0,16,2.909,
SS04_2022_2,SS04,11-Apr,2022,2,CALMAC,12,2,6,17,19,32,16,0,9,0,113,20.545,
SS04_2022_2,SS04,11-Apr,2022,2,EROBOT,2,0,2,0,0,0,0,0,0,0,4,0.727,
SS04_2022_2,SS04,11-Apr,2022,2,GILANG,3,132,114,6,2,3,0,0,0,0,260,47.273,
SS04_2022_2,SS04,11-Apr,2022,2,EMMPEN,0,0,41,19,8,9,0,0,0,0,77,14,
SS04_2022_2,SS04,11-Apr,2022,2,EROCIC,0,4,1,2,0,1,0,0,0,0,8,1.455,
SS04_2022_2,SS04,11-Apr,2022,2,EROMOS,0,1,0,0,0,0,0,0,0,0,1,0.182,
SS04_2022_2,SS04,11-Apr,2022,2,DICCAP,0,0,0,0,0,0,0,0,0,0,0,0,
SS04_2022_2,SS04,11-Apr,2022,2,BRANIG,0,0,75,20,0,0,0,0,0,0,95,17.273,
SS04_2022_2,SS04,11-Apr,2022,2,CRYMUR,0,0,6,0,70,50,75,28,40,0,269,48.909,
SS04_2022_2,SS04,11-Apr,2022,2,PHOAUR,0,0,0,0,0,0,0,0,0,0,0,0,
SS04_2022_2,SS04,11-Apr,2022,2,unknown white,0,1,0,0,0,0,0,0,0,0,1,0.182,
SS04_2022_2,SS04,11-Apr,2022,2,LUPBIC,0,0,5,4,0,4,0,0,0,0,13,2.364,
SS04_2022_2,SS04,11-Apr,2022,2,MICLIN,0,0,2,0,0,0,0,0,0,0,2,0.364,
SS04_2022_2,SS04,11-Apr,2022,2,EUCCHR,0,0,16,5,0,0,0,0,0,0,21,3.818,
SS04_2022_2,SS04,11-Apr,2022,2,PHAPAR,0,0,0,0,0,0,0,0,0,0,0,0,
SS04_2022_2,SS04,11-Apr,2022,2,SALMEL,0,0,0,0,0,0,0,59,30,230,319,58,
SS04_2022_2,SS04,11-Apr,2022,2,ANAARV,0,0,0,0,0,0,1,0,0,0,1,0.182,
SS04_2022_2,SS04,11-Apr,2022,2,CALSPL,0,0,0,0,0,0,0,1,0,0,1,0.182,
SS04_2022_2,SS04,11-Apr,2022,2,ACMGLA,0,0,0,0,0,0,0,0,0,0,0,0,
SS04_2022_3,SS04,9-May,2022,3,CALMAC,4,8,10,4,8,0,6,4,2,0,46,8.364,
SS04_2022_3,SS04,9-May,2022,3,BRANIG,0,273,89,23,32,57,13,0,41,0,528,96,
SS04_2022_3,SS04,9-May,2022,3,GILANG,0,4,6,0,4,0,0,0,0,0,14,2.545,
SS04_2022_3,SS04,9-May,2022,3,EROBOT,0,0,0,0,0,0,0,0,0,0,0,0,
SS04_2022_3,SS04,9-May,2022,3,CRYMUR,0,0,2,0,3,0,0,3,1,0,9,1.636,
SS04_2022_3,SS04,9-May,2022,3,EROCIC,0,0,0,1,0,0,0,0,0,0,1,0.182,
SS04_2022_3,SS04,9-May,2022,3,ACMGLA,0,0,0,12,1,12,0,11,94,0,130,23.636,
SS04_2022_3,SS04,9-May,2022,3,CALSPL,0,0,0,0,1,0,0,0,0,0,1,0.182,
SS04_2022_3,SS04,9-May,2022,3,SALMEL,0,0,0,0,0,114,0,734,354,63,1265,230,
SS05_2021_1,SS05,25-Mar,2021,1,BRATOU,0,11,0,153,108,135,174,167,0,0,748,136,0
SS05_2021_1,SS05,25-Mar,2021,1,MIRLAE,0,0,0,3,0,0,0,0,5,0,8,1.455,0
SS05_2021_1,SS05,25-Mar,2021,1,EROCIC,0,0,0,4,32,0,0,0,0,2,38,6.909,0
SS05_2021_1,SS05,25-Mar,2021,1,CRYMUR,0,0,0,0,3,2,0,0,0,0,5,0.909,0
SS05_2021_2,SS05,8-Apr,2021,2,BRATOU,8,0,18,0,0,0,2,33,0,3,64,11.636,0
SS05_2021_2,SS05,8-Apr,2021,2,HIRINC,0,0,29,0,0,0,0,0,0,0,29,5.273,0
SS05_2021_2,SS05,8-Apr,2021,2,GILANG,0,0,3,0,0,0,0,0,0,3,6,1.091,0
SS05_2021_2,SS05,8-Apr,2021,2,EROCIC,0,0,0,0,0,0,0,0,0,2,2,0.364,3
SS05_2021_2,SS05,8-Apr,2021,2,MIRLAE,0,0,0,4,0,0,0,0,30,0,34,6.182,0
SS05_2021_2,SS05,8-Apr,2021,2,DICCAP,0,0,0,2,0,0,0,0,0,0,2,0.364,0
SS05_2021_2,SS05,8-Apr,2021,2,BRANIG,0,0,0,23,0,0,0,0,0,0,0,0,0
SS05_2021_2,SS05,8-Apr,2021,2,CRYMUR,5,0,0,0,43,30,0,3,0,9,90,16.364,0
SS05_2021_2,SS05,8-Apr,2021,2,PHAPAR,0,0,0,0,0,0,0,0,0,0,0,0,0
SS05_2021_2,SS05,8-Apr,2021,2,CASEXS,0,0,0,0,0,0,0,0,0,0,0,0,0
SS05_2021_2,SS05,8-Apr,2021,2,SOLXAN,0,0,0,0,0,0,0,0,0,0,0,0,0
SS05_2021_3,SS05,4-May,2021,3,BRANIG,33,0,3,3,0,0,0,0,0,41,80,14.545,0
SS05_2021_3,SS05,4-May,2021,3,CRYMUR,660,0,31,0,2,0,0,0,16,170,879,159.818,0
SS05_2021_3,SS05,4-May,2021,3,MIRLAE,0,0,0,0,0,0,0,0,0,0,0,0,0
SS05_2021_3,SS05,4-May,2021,3,CALMAC,0,0,0,0,0,0,0,0,0,0,0,0,0
SS05_2021_3,SS05,4-May,2021,3,EROCIC,0,5,0,3,0,0,0,0,0,0,8,1.455,0
SS05_2021_3,SS05,4-May,2021,3,ENCCAL,0,0,0,0,0,0,0,0,0,0,0,0,0
SS05_2021_3,SS05,4-May,2021,3,CASEXS,0,0,0,0,0,0,0,0,0,0,0,0,0
SS05_2021_3,SS05,4-May,2021,3,EMMPEN,1,0,0,0,0,0,0,0,0,0,1,0.182,0
SS05_2021_3,SS05,4-May,2021,3,CALSPL,0,0,0,0,0,0,0,0,0,0,0,0,0
SS05_2021_3,SS05,4-May,2021,3,DICCAP,0,0,0,0,0,0,0,0,0,0,0,0,0
SS05_2021_3,SS05,4-May,2021,3,EROBOT,0,0,0,0,0,0,0,0,0,0,0,0,0
SS05_2021_3,SS05,4-May,2021,3,BRATOU,0,0,0,0,0,0,0,0,0,1,1,0.182,0
SS05_2022_1,SS05,30-Mar,2022,1,SALMEL,0,0,0,0,0,0,68,59,70,7,204,37.091,
SS05_2022_1,SS05,30-Mar,2022,1,DICCAP,0,0,0,0,0,0,0,0,0,9,9,1.636,
SS05_2022_1,SS05,30-Mar,2022,1,CRYMUR,202,15,10,0,0,12,0,6,0,23,268,48.727,
SS05_2022_1,SS05,30-Mar,2022,1,CALMAC,23,11,10,0,9,4,8,0,0,1,66,12,
SS05_2022_1,SS05,30-Mar,2022,1,ENCCAL,0,0,0,0,2,0,0,0,0,0,2,0.364,
SS05_2022_1,SS05,30-Mar,2022,1,Castilleja,0,0,0,0,0,0,0,0,0,0,0,0,
SS05_2022_1,SS05,30-Mar,2022,1,EROCIC,0,3,0,0,2,8,0,0,0,1,14,2.545,
SS05_2022_1,SS05,30-Mar,2022,1,EROBOT,0,0,0,0,0,0,0,0,0,1,1,0.182,
SS05_2022_1,SS05,30-Mar,2022,1,BRANIG,7,0,4,237,0,0,0,0,0,0,248,45.091,
SS05_2022_1,SS05,30-Mar,2022,1,MIRLAE,0,0,0,0,2,0,0,0,0,0,2,0.364,
SS05_2022_1,SS05,30-Mar,2022,1,GILANG,0,0,1,0,0,0,0,0,0,0,1,0.182,
SS05_2022_1,SS05,30-Mar,2022,1,SOLXAN,0,0,0,0,0,0,0,0,0,0,0,0,
SS05_2022_2,SS05,20-Apr,2022,2,CALMAC,20,9,9,12,17,12,2,3,3,6,93,16.909,
SS05_2022_2,SS05,20-Apr,2022,2,EROCIC,0,0,0,0,0,0,0,0,0,6,6,1.091,
SS05_2022_2,SS05,20-Apr,2022,2,DICCAP,0,0,0,0,0,0,0,0,0,1,1,0.182,
SS05_2022_2,SS05,20-Apr,2022,2,CRYMUR,90,0,39,0,48,18,20,42,0,40,297,54,
SS05_2022_2,SS05,20-Apr,2022,2,SALMEL,0,0,33,0,35,0,0,578,130,0,776,141.091,
SS05_2022_2,SS05,20-Apr,2022,2,BRATOU,0,0,0,0,0,0,4,0,0,0,4,0.727,
SS05_2022_2,SS05,20-Apr,2022,2,ENCCAL,0,0,0,0,0,0,0,0,0,0,0,0,
SS05_2022_2,SS05,20-Apr,2022,2,BRANIG,34,0,7,110,0,0,0,0,0,0,151,27.455,
SS05_2022_2,SS05,20-Apr,2022,2,GILANG,0,0,0,0,1,1,0,0,0,0,2,0.364,
SS05_2022_2,SS05,20-Apr,2022,2,SOLXAN,0,0,0,0,0,0,0,0,0,0,0,0,
SS05_2022_3,SS05,12-May,2022,3,BRANIG,3,0,0,19,0,141,0,0,0,11,174,31.636,
SS05_2022_3,SS05,12-May,2022,3,CALMAC,1,2,6,5,3,6,6,2,1,0,32,5.818,
SS05_2022_3,SS05,12-May,2022,3,SALMEL,0,0,147,0,0,0,11,708,252,0,1118,203.273,
SS05_2022_3,SS05,12-May,2022,3,ACMGLA,0,0,3,0,0,0,0,0,0,0,3,0.545,
SS05_2022_3,SS05,12-May,2022,3,CENMEL,0,0,0,0,0,2,0,0,0,0,2,0.364,
SS05_2022_3,SS05,12-May,2022,3,EROCIC,0,0,0,0,0,0,2,0,1,0,3,0.545,
SS05_2022_3,SS05,12-May,2022,3,CASEXS,0,0,0,0,0,0,0,0,0,0,0,0,
SS05_2022_3,SS05,12-May,2022,3,CRYMUR,0,0,0,0,0,9,8,3,0,1,21,3.818,
SS05_2022_3,SS05,12-May,2022,3,OSMTEN,0,0,0,0,0,0,1,0,0,0,1,0.182,
SS05_2022_3,SS05,12-May,2022,3,ENCCAL,0,0,0,0,0,0,0,0,0,0,0,0,